trigger code,timestamp,CH00,CH01
00000002,1337,50E2,88B4
00000002,1337,50F4,A8EC
00000002,1337,4C70,8226
00000002,1337,514B,CED7
00000002,1337,5212,8956
00000002,1337,5200,84CD
00000002,1337,518F,88DC
00000002,1337,514F,87A4
00000002,1337,511A,8806
00000002,1337,507E,822D
00000002,1337,515B,A871
00000002,1337,5212,87D1
00000002,1337,5115,84D6
00000002,1337,51C9,8510
00000002,1337,51DC,8487
00000002,1337,520B,88F1
00000002,1337,506E,EA04
00000002,1337,50C7,B003
00000002,1337,5481,8BDD
00000002,1337,51DE,84D6
00000002,1337,526B,C908
00000002,1337,512D,8671
00000002,1337,5226,CAAE
00000002,1337,50DF,8640
00000002,1337,5045,C202
00000002,1337,50AC,FF53
00000002,1337,526B,861C
00000002,1337,5130,8256
00000002,1337,5144,85B5
00000002,1337,4D30,81D6
00000002,1337,5112,85F7
00000002,1337,513B,887C
00000002,1337,5094,0A63
00000002,1337,5051,8477
00000002,1337,518A,858F
00000002,1337,513E,8421
00000002,1337,4B98,8050
00000002,1337,515E,93D8
00000002,1337,51C2,99BF
00000002,1337,51EF,86CC
00000002,1337,51F1,8794
00000002,1337,521E,8932
00000002,1337,505B,A4F0
00000002,1337,512B,F72E
00000002,1337,4F84,84FE
00000002,1337,5098,8779
00000002,1337,5044,82EE
00000002,1337,5109,CF58
00000002,1337,51AA,890A
00000002,1337,5222,896D
00000002,1337,50F3,8ADC
00000002,1337,521A,880C
00000002,1337,5246,D2AC
00000002,1337,50BF,87C4
00000002,1337,5219,8727
00000002,1337,51FB,8953
00000002,1337,5199,88A4
00000002,1337,517C,8BB3
00000002,1337,5187,847D
00000002,1337,520B,874E
00000002,1337,4CC6,82F1
00000002,1337,509F,8797
00000002,1337,51DD,89C8
00000002,1337,5119,84F7
00000002,1337,5142,8835
00000002,1337,512D,8367
00000002,1337,50E1,B245
00000002,1337,50BF,850B
00000002,1337,520C,DB8D
00000002,1337,5135,833E
00000002,1337,5067,87A7
00000002,1337,5176,834D
00000002,1337,5159,86D0
00000002,1337,5228,8390
00000002,1337,521D,86EB
00000002,1337,5076,8D1E
00000002,1337,517A,8608
00000002,1337,50E7,03AB
00000002,1337,4F90,0D77
00000002,1337,5119,961B
00000002,1337,510B,8427
00000002,1337,51B7,8427
00000002,1337,5251,8661
00000002,1337,50C7,CEA8
00000002,1337,50AA,8737
00000002,1337,4F92,8221
00000002,1337,508E,86A3
00000002,1337,513F,AB2A
00000002,1337,5163,EE1D
00000002,1337,515E,8541
00000002,1337,505A,8407
00000002,1337,502D,84D4
00000002,1337,5181,E115
00000002,1337,520E,881E
00000002,1337,52E1,E5DF
00000002,1337,5164,AF4E
00000002,1337,523A,8BE4
00000002,1337,5231,856B
00000002,1337,5246,86F1
00000002,1337,520E,9138
00000002,1337,5209,EC6D
00000002,1337,5148,8671
00000002,1337,50BB,8870
00000002,1337,5157,83E4
00000002,1337,50E5,82BE
00000002,1337,5188,8738
00000002,1337,51C4,2BC8
00000002,1337,5128,837E
00000002,1337,513E,F426
00000002,1337,512D,8308
00000002,1337,50B8,838E
00000002,1337,4BD8,8435
00000002,1337,5081,82A7
00000002,1337,50C7,86BE
00000002,1337,4C85,80E2
00000002,1337,512B,89D4
00000002,1337,5156,83E7
00000002,1337,515A,835C
00000002,1337,5059,8FF4
00000002,1337,5204,858A
00000002,1337,50C1,8711
00000002,1337,4FA5,8257
00000002,1337,5277,846E
00000002,1337,5207,8859
00000002,1337,50C2,84A8
00000002,1337,5217,8681
00000002,1337,51AE,9D50
00000002,1337,508A,827F
00000002,1337,515D,9B13
00000002,1337,4B04,FCDC
00000002,1337,4F21,8635
00000002,1337,512A,8BAB
00000002,1337,50F6,8467
00000002,1337,5216,896B
00000002,1337,515D,B71D
00000002,1337,51E6,834E
00000002,1337,4BD4,8092
00000002,1337,51F6,84EF
00000002,1337,4F72,81A9
00000002,1337,512F,8347
00000002,1337,5231,83EB
00000002,1337,5022,89D7
00000002,1337,50AD,881F
00000002,1337,5195,8424
00000002,1337,526D,8897
00000002,1337,518C,843A
00000002,1337,5110,84EA
00000002,1337,5213,8690
00000002,1337,516B,844A
00000002,1337,526B,8CE1
00000002,1337,5221,9557
00000002,1337,51D5,850A
00000002,1337,5192,839A
00000002,1337,513E,C801
00000002,1337,4D70,FD87
00000002,1337,4CE7,FBFA
00000002,1337,5099,85C2
00000002,1337,5129,8461
00000002,1337,516C,BD5E
00000002,1337,515A,83F7
00000002,1337,5201,8500
00000002,1337,51A8,8913
00000002,1337,5190,862D
00000002,1337,4E91,8397
00000002,1337,5241,8780
00000002,1337,4C89,8053
00000002,1337,4BBD,D53D
00000002,1337,51E1,85CE
00000002,1337,513A,AA31
00000002,1337,50D5,AD81
00000002,1337,5207,459E
00000002,1337,4ECD,815F
00000002,1337,5200,9C5B
00000002,1337,50AF,8780
00000002,1337,512B,CC8D
00000002,1337,50A0,83E7
00000002,1337,50F1,F75A
00000002,1337,523E,87F3
00000002,1337,508D,84BF
00000002,1337,4E87,F1D4
00000002,1337,4B2C,7F1B
00000002,1337,4CF1,81B5
00000002,1337,50CC,A0E1
00000002,1337,50A1,D0C5
00000002,1337,4E55,9433
00000002,1337,50D5,CEAC
00000002,1337,521B,8752
00000002,1337,51E6,83FF
00000002,1337,51EE,FEE2
00000002,1337,5173,8805
00000002,1337,4E34,84FF
00000002,1337,4B9A,A01D
00000002,1337,5174,8613
00000002,1337,5100,9695
00000002,1337,5144,832A
00000002,1337,4D31,843D
00000002,1337,4E21,847B
00000002,1337,512D,870A
00000002,1337,51FF,8A89
00000002,1337,521E,89DD
00000002,1337,5040,FE6E
00000002,1337,50DD,885E
00000002,1337,4FB6,8565
00000002,1337,512E,85C8
00000002,1337,519D,84F5
00000002,1337,5129,85F1
00000002,1337,524F,84CA
00000002,1337,5193,8550
00000002,1337,5152,84F5
00000002,1337,50C7,8708
00000002,1337,5023,8306
00000002,1337,50A7,92DF
00000002,1337,51E0,C9C5
00000002,1337,516F,8672
00000002,1337,523E,8430
00000002,1337,5197,870B
00000002,1337,5050,84AA
00000002,1337,5071,8667
00000002,1337,50E4,842E
00000002,1337,5103,8368
00000002,1337,523D,094F
00000002,1337,51EF,8770
00000002,1337,4D94,80E8
00000002,1337,5222,B086
00000002,1337,5193,86E0
00000002,1337,5112,84D7
00000002,1337,50CA,DCBB
00000002,1337,4FC2,B17B
00000002,1337,5119,872D
00000002,1337,52C2,88B0
00000002,1337,508A,87FF
00000002,1337,51F3,8816
00000002,1337,5220,851A
00000002,1337,5125,B069
00000002,1337,4DDB,85D1
00000002,1337,51E5,86E7
00000002,1337,508F,8425
00000002,1337,50EA,C79A
00000002,1337,4DA1,888B
00000002,1337,5055,B144
00000002,1337,50D9,8370
00000002,1337,511E,85FB
00000002,1337,518A,8350
00000002,1337,50F2,85C4
00000002,1337,506B,839C
00000002,1337,50FE,838A
00000002,1337,50E2,87BD
00000002,1337,4C80,81B5
00000002,1337,51D1,85D1
00000002,1337,522B,8FBC
00000002,1337,5035,8DE1
00000002,1337,516A,0E55
00000002,1337,51C7,86DC
00000002,1337,51F8,861C
00000002,1337,50A3,868C
00000002,1337,51CB,88DD
00000002,1337,5109,8EE8
00000002,1337,4FA3,83CD
00000002,1337,50DC,870E
00000002,1337,5103,E7C4
00000002,1337,5122,83A8
00000002,1337,5187,848F
00000002,1337,5060,8290
00000002,1337,51C5,8842
00000002,1337,5131,82D1
00000002,1337,513F,8472
00000002,1337,51E3,04BA
00000002,1337,5185,842F
00000002,1337,50A2,E5A3
00000002,1337,4D32,8559
00000002,1337,51D6,D740
00000002,1337,51BF,D4F7
00000002,1337,5130,87FB
00000002,1337,5175,8FAD
00000002,1337,50AB,0ECF
00000002,1337,5114,540F
00000002,1337,5181,88A3
00000002,1337,5033,EC4B
00000002,1337,5190,8994
00000002,1337,50F0,84C3
00000002,1337,51AA,CCE3
00000002,1337,5264,868D
00000002,1337,512B,83CA
00000002,1337,51F5,8557
00000002,1337,51B9,866A
00000002,1337,4C41,900D
00000002,1337,51BE,83E3
00000002,1337,5132,874A
00000002,1337,50AF,862B
00000002,1337,50D9,E5E3
00000002,1337,4BCC,B8AF
00000002,1337,50AD,A430
00000002,1337,5183,8601
00000002,1337,5240,CD2A
00000002,1337,521F,85CF
00000002,1337,50AF,8647
00000002,1337,50CD,ABD4
00000002,1337,5121,866A
00000002,1337,516F,864C
00000002,1337,4BDF,8115
00000002,1337,5165,9955
00000002,1337,51E6,8431
00000002,1337,51D5,832C
00000002,1337,5043,8328
00000002,1337,517C,8727
00000002,1337,51F9,8945
00000002,1337,5224,852B
00000002,1337,51D3,9DA6
00000002,1337,5159,BF38
00000002,1337,5152,83B4
00000002,1337,51B2,88F9
00000002,1337,4E3B,A8A6
00000002,1337,5097,A3C2
00000002,1337,4FF8,871B
00000002,1337,518F,D5F2
00000002,1337,4C8F,DE71
00000002,1337,51CE,87C7
00000002,1337,51B4,D96A
00000002,1337,50E1,853C
00000002,1337,50EA,8410
00000002,1337,51D3,84BA
00000002,1337,5214,8867
00000002,1337,5219,895B
00000002,1337,516B,95C1
00000002,1337,50FA,055D
00000002,1337,51CC,86C1
00000002,1337,4D53,8417
00000002,1337,50AE,85C4
00000002,1337,51C8,86BF
00000002,1337,4EEB,8363
00000002,1337,5085,88CC
00000002,1337,524F,DCDC
00000002,1337,5097,8761
00000002,1337,513F,AD57
00000002,1337,51F5,8648
00000002,1337,5128,F027
00000002,1337,50E0,8763
00000002,1337,5187,95F8
00000002,1337,522D,8759
00000002,1337,5229,842B
00000002,1337,5136,86DA
00000002,1337,51DA,8819
00000002,1337,50FA,2FA9
00000002,1337,5137,85D9
00000002,1337,51AA,873C
00000002,1337,4C45,99DD
00000002,1337,510D,D007
00000002,1337,51BB,AF9A
00000002,1337,520D,83CF
00000002,1337,50EA,84DA
00000002,1337,51C3,89B3
00000002,1337,5106,83B5
00000002,1337,504B,84E2
00000002,1337,5126,8653
00000002,1337,507E,82D9
00000002,1337,50E2,87A2
00000002,1337,4E71,E713
00000002,1337,50B9,888C
00000002,1337,4FD1,8402
00000002,1337,51A4,8603
00000002,1337,5113,83D4
00000002,1337,4F7A,F3E6
00000002,1337,4FDA,9248
00000002,1337,47F4,7F32
00000002,1337,5138,845A
00000002,1337,4C97,85BD
00000002,1337,514B,8694
00000002,1337,51E8,8487
00000002,1337,50D4,E46A
00000002,1337,4B5E,936E
00000002,1337,5154,834C
00000002,1337,503A,8284
00000002,1337,5200,019F
00000002,1337,5181,A670
00000002,1337,4E36,DFC6
00000002,1337,4E05,877E
00000002,1337,521C,8CE3
00000002,1337,50C0,EBFB
00000002,1337,5012,9332
00000002,1337,506B,EF05
00000002,1337,5132,871D
00000002,1337,50C2,8402
00000002,1337,511B,829C
00000002,1337,50F6,883F
00000002,1337,512B,9A4F
00000002,1337,5238,8964
00000002,1337,510F,8849
00000002,1337,5157,A53B
00000002,1337,520F,B889
00000002,1337,5120,82E6
00000002,1337,5146,8770
00000002,1337,503F,A7F5
00000002,1337,514A,832E
00000002,1337,4BC2,8CAF
00000002,1337,4FE9,8330
00000002,1337,513F,8448
00000002,1337,5250,F72E
00000002,1337,4EFB,81D4
00000002,1337,5192,86E8
00000002,1337,51E4,8431
00000002,1337,5152,859A
00000002,1337,4C20,979C
00000002,1337,4E35,81F0
00000002,1337,5153,8560
00000002,1337,4F78,81DA
00000002,1337,5166,9BB9
00000002,1337,516F,F49D
00000002,1337,51E1,B677
00000002,1337,5106,FAD6
00000002,1337,51B0,1A11
00000002,1337,510F,DFF5
00000002,1337,502C,866E
00000002,1337,51AF,894D
00000002,1337,5119,AC8E
00000002,1337,50EB,F86F
00000002,1337,516B,8622
00000002,1337,4F79,83F8
00000002,1337,51C3,85B0
00000002,1337,5077,8547
00000002,1337,51DF,87A2
00000002,1337,4EA8,8492
00000002,1337,511B,8790
00000002,1337,4C68,DB17
00000002,1337,4CB5,979A
00000002,1337,5227,8433
00000002,1337,4A13,A967
00000002,1337,5157,86F5
00000002,1337,51CE,88AF
00000002,1337,50AF,F894
00000002,1337,50AF,8322
00000002,1337,50AD,D8EA
00000002,1337,4F49,96E3
00000002,1337,51B1,A196
00000002,1337,51CD,B5CE
00000002,1337,4DF5,E741
00000002,1337,51CB,848C
00000002,1337,5205,A804
00000002,1337,4EEA,08F0
00000002,1337,51DE,898F
00000002,1337,51E2,8718
00000002,1337,51B3,8701
00000002,1337,5211,867A
00000002,1337,5156,845C
00000002,1337,5238,87D5
00000002,1337,520D,8398
00000002,1337,51C2,88D2
00000002,1337,5201,A059
00000002,1337,50CE,A2B5
00000002,1337,4E20,842B
00000002,1337,51E4,86BD
00000002,1337,51F2,8705
00000002,1337,512D,880F
00000002,1337,4DE9,8222
00000002,1337,4EF3,E094
00000002,1337,5103,85D1
00000002,1337,51F4,93F3
00000002,1337,51E5,89E7
00000002,1337,51C8,869D
00000002,1337,4D33,81E3
00000002,1337,5023,852B
00000002,1337,508C,86BE
00000002,1337,519E,8471
00000002,1337,50D9,A08F
00000002,1337,50A6,8AF4
00000002,1337,51C3,88BD
00000002,1337,514B,8451
00000002,1337,4EAA,C274
00000002,1337,4CAD,DB32
00000002,1337,50D1,86C3
00000002,1337,5227,9841
00000002,1337,504D,A2FE
00000002,1337,51CC,891E
00000002,1337,5076,BC49
00000002,1337,510C,8495
00000002,1337,51C2,C8B1
00000002,1337,50DA,8605
00000002,1337,5022,F218
00000002,1337,50AD,84B8
00000002,1337,50C5,DC2F
00000002,1337,5218,8497
00000002,1337,51FF,06F1
00000002,1337,50A5,8A1A
00000002,1337,517E,836B
00000002,1337,51AE,895A
00000002,1337,50BE,8348
00000002,1337,50CE,83A4
00000002,1337,50DF,88AB
00000002,1337,4FB4,126D
00000002,1337,517F,8643
00000002,1337,513B,83B0
00000002,1337,4F4B,838F
00000002,1337,51A5,FBF1
00000002,1337,516F,849C
00000002,1337,516B,8330
00000002,1337,512E,8426
00000002,1337,5134,857C
00000002,1337,5182,FD13
00000002,1337,4F4D,B00A
00000002,1337,51A2,8D64
00000002,1337,514D,86DE
00000002,1337,51C8,84DE
00000002,1337,51B3,A84F
00000002,1337,5212,895B
00000002,1337,5191,84D0
00000002,1337,51E7,85BE
00000002,1337,513D,88BC
00000002,1337,515B,DDE9
00000002,1337,4EEE,8E09
00000002,1337,501B,933F
00000002,1337,5194,9BE6
00000002,1337,52A2,8E92
00000002,1337,5107,EE71
00000002,1337,51B6,D350
00000002,1337,51A4,8500
00000002,1337,51A1,8591
00000002,1337,5079,873B
00000002,1337,51FC,848B
00000002,1337,50D7,84A5
00000002,1337,506E,95F3
00000002,1337,4F7F,B02D
00000002,1337,4B58,8BCA
00000002,1337,515E,8473
00000002,1337,5150,8784
00000002,1337,511B,8485
00000002,1337,4B5E,EFA5
00000002,1337,4FD9,8399
00000002,1337,514D,8829
00000002,1337,5121,8823
00000002,1337,4EB8,EF36
00000002,1337,5135,E8A2
00000002,1337,510D,852E
00000002,1337,50D9,84EA
00000002,1337,523E,B682
00000002,1337,510D,8300
00000002,1337,4CC5,816D
00000002,1337,502C,9300
00000002,1337,5139,B22C
00000002,1337,51BD,898A
00000002,1337,5120,C72A
00000002,1337,51C0,89E8
00000002,1337,5232,CCE6
00000002,1337,513B,856E
00000002,1337,516C,8684
00000002,1337,5235,E8D4
00000002,1337,526A,861C
00000002,1337,5120,E932
00000002,1337,4D9A,8045
00000002,1337,5052,9725
00000002,1337,51E1,83FE
00000002,1337,51D0,8540
00000002,1337,51A3,8564
00000002,1337,512F,898D
00000002,1337,5155,8498
00000002,1337,514E,840F
00000002,1337,5147,8413
00000002,1337,50FE,84AE
00000002,1337,516B,891D
00000002,1337,50F7,F2A0
00000002,1337,5054,2F66
00000002,1337,5168,8747
00000002,1337,4C0A,8560
00000002,1337,4FEE,81BC
00000002,1337,51D7,84E5
00000002,1337,51B9,86C6
00000002,1337,51D9,883E
00000002,1337,50B5,8637
00000002,1337,513C,838C
00000002,1337,51D2,ACA2
00000002,1337,4D13,8302
00000002,1337,50EE,85AB
00000002,1337,512D,884E
00000002,1337,5126,85EE
00000002,1337,5135,C09A
00000002,1337,5030,8791
00000002,1337,5153,847E
00000002,1337,5238,87E8
00000002,1337,5104,8697
00000002,1337,503F,AA48
00000002,1337,4B3C,7F1C
00000002,1337,5157,87EF
00000002,1337,51ED,B534
00000002,1337,5108,8F91
00000002,1337,502D,82D5
00000002,1337,5165,85E6
00000002,1337,5187,8486
00000002,1337,50DB,855F
00000002,1337,519C,8504
00000002,1337,5039,84D8
00000002,1337,519A,8658
00000002,1337,517B,83FA
00000002,1337,50E9,85E3
00000002,1337,515E,9908
00000002,1337,51AB,9ECB
00000002,1337,514E,874E
00000002,1337,5245,980C
00000002,1337,50AD,8CA9
00000002,1337,50E9,8369
00000002,1337,5162,84A5
00000002,1337,5101,838E
00000002,1337,505C,87D6
00000002,1337,51BE,86E6
00000002,1337,4CF6,8114
00000002,1337,502E,83C8
00000002,1337,5192,7E0C
00000002,1337,517B,83D7
00000002,1337,50E2,B750
00000002,1337,50A3,8373
00000002,1337,5188,83B7
00000002,1337,5144,1001
00000002,1337,519A,DDE9
00000002,1337,51DA,8816
00000002,1337,50D4,8425
00000002,1337,5087,8CE3
00000002,1337,50E5,82FC
00000002,1337,5049,855E
00000002,1337,51AD,C078
00000002,1337,51F0,898C
00000002,1337,51D3,87E8
00000002,1337,5132,85DB
00000002,1337,51E7,D7CA
00000002,1337,5134,83F5
00000002,1337,513D,85C2
00000002,1337,5221,ACC5
00000002,1337,5165,85C3
00000002,1337,51CC,DC22
00000002,1337,5201,A12D
00000002,1337,51C4,8507
00000002,1337,518B,8901
00000002,1337,51B4,8AD6
00000002,1337,520D,85C2
00000002,1337,4C31,B2F6
00000002,1337,50FA,88AD
00000002,1337,50C8,9BFB
00000002,1337,51E7,893B
00000002,1337,5222,86FC
00000002,1337,5128,871A
00000002,1337,50C9,8CB5
00000002,1337,523B,8723
00000002,1337,4BFD,84BD
00000002,1337,5054,862D
00000002,1337,512A,D41D
00000002,1337,51C3,8492
00000002,1337,5047,8290
00000002,1337,514F,B2FE
00000002,1337,5175,8622
00000002,1337,51B1,844F
00000002,1337,5209,EF48
00000002,1337,50A8,85FC
00000002,1337,510E,8688
00000002,1337,50E2,8439
00000002,1337,51C5,B897
00000002,1337,504E,ABFD
00000002,1337,5190,88DF
00000002,1337,50D2,8638
00000002,1337,51B5,9055
00000002,1337,51DF,8924
00000002,1337,5149,8375
00000002,1337,4FF2,87D0
00000002,1337,4E39,83E8
00000002,1337,5202,842B
00000002,1337,5139,876B
00000002,1337,5161,9852
00000002,1337,51FE,84AB
00000002,1337,519C,9FE8
00000002,1337,517B,8E6D
00000002,1337,51C7,886C
00000002,1337,5106,85DA
00000002,1337,517E,84FB
00000002,1337,5111,8341
00000002,1337,51A7,AA0A
00000002,1337,4FB5,86DC
00000002,1337,5048,CB54
00000002,1337,51A0,F429
00000002,1337,5150,88EF
00000002,1337,5154,86DB
00000002,1337,50F4,E72B
00000002,1337,4F6D,1353
00000002,1337,51DC,8733
00000002,1337,4BA1,8430
00000002,1337,516C,8523
00000002,1337,4E2F,82E2
00000002,1337,502A,BE72
00000002,1337,50AB,8665
00000002,1337,50FE,8537
00000002,1337,5135,846C
00000002,1337,5120,8ABF
00000002,1337,5157,87BB
00000002,1337,51FD,87A4
00000002,1337,5123,8E91
00000002,1337,505B,8439
00000002,1337,518F,840B
00000002,1337,511F,86E8
00000002,1337,4BB6,89F4
00000002,1337,50E7,87A0
00000002,1337,50EC,87D0
00000002,1337,51C5,95BF
00000002,1337,4F12,80CB
00000002,1337,4F7B,8227
00000002,1337,521D,8555
00000002,1337,51B2,86F6
00000002,1337,51A8,8459
00000002,1337,50CB,886F
00000002,1337,515B,85AA
00000002,1337,5112,86AA
00000002,1337,4B25,A5E7
00000002,1337,5121,DA57
00000002,1337,5110,F868
00000002,1337,5116,84AD
00000002,1337,5193,8581
00000002,1337,4F13,8459
00000002,1337,511E,E00E
00000002,1337,5147,9410
00000002,1337,51C7,33EC
00000002,1337,50F3,8DEC
00000002,1337,515B,8469
00000002,1337,51C5,8723
00000002,1337,5183,885B
00000002,1337,50E6,E81C
00000002,1337,4F38,86DB
00000002,1337,520C,0222
00000002,1337,520E,8A2E
00000002,1337,50AF,475D
00000002,1337,5111,837F
00000002,1337,4DC5,8691
00000002,1337,50FE,85BB
00000002,1337,524A,85D7
00000002,1337,5052,84ED
00000002,1337,4F9E,83BC
00000002,1337,5250,CE15
00000002,1337,51E4,8CB2
00000002,1337,50DB,AE64
00000002,1337,50F6,83E1
00000002,1337,5132,FE7C
00000002,1337,4C42,80E9
00000002,1337,50CE,FA2E
00000002,1337,4EB7,B0D4
00000002,1337,5263,86CD
00000002,1337,5111,85A4
00000002,1337,51F4,8569
00000002,1337,5028,850E
00000002,1337,5044,8448
00000002,1337,4DB7,ACAB
00000002,1337,50AE,FC2A
00000002,1337,5119,575C
00000002,1337,4B7B,80D7
00000002,1337,51AC,83D7
00000002,1337,517C,C831
00000002,1337,51CF,84CA
00000002,1337,5198,549C
00000002,1337,5154,DA15
00000002,1337,5015,94AB
00000002,1337,5093,83C7
00000002,1337,514D,8613
00000002,1337,51C7,E097
00000002,1337,4FB5,847B
00000002,1337,5073,8822
00000002,1337,513D,CE3C
00000002,1337,5201,F128
00000002,1337,50DF,84CA
00000002,1337,5188,8B82
00000002,1337,4E00,8432
00000002,1337,524E,8518
00000002,1337,5102,837F
00000002,1337,51D7,DCC7
00000002,1337,50B1,844D
00000002,1337,50E2,844B
00000002,1337,5209,895C
00000002,1337,4E21,820B
00000002,1337,5225,8864
00000002,1337,51DC,857C
00000002,1337,515D,83F8
00000002,1337,514D,BDC9
00000002,1337,4EA3,D2C6
00000002,1337,5181,84B3
00000002,1337,50F2,8671
00000002,1337,519C,A3A8
00000002,1337,51CA,87BE
00000002,1337,50CD,84B7
00000002,1337,519A,1D0A
00000002,1337,517A,84B5
00000002,1337,4E55,AEA3
00000002,1337,51C6,BD57
00000002,1337,510B,8910
00000002,1337,521F,F45A
00000002,1337,525F,BDA8
00000002,1337,4F16,88C8
00000002,1337,4F96,83EE
00000002,1337,5155,8657
00000002,1337,5148,88CF
00000002,1337,5144,8F97
00000002,1337,514B,BAA3
00000002,1337,50E2,880E
00000002,1337,50F1,859B
00000002,1337,5159,8549
00000002,1337,514C,E7C4
00000002,1337,508E,ADAD
00000002,1337,52A2,85A0
00000002,1337,5074,83AA
00000002,1337,4DF8,E968
00000002,1337,50B2,8E67
00000002,1337,517D,83F4
00000002,1337,50FD,8419
00000002,1337,508B,13AD
00000002,1337,517C,0AB3
00000002,1337,4FFD,65D7
00000002,1337,5131,A4F9
00000002,1337,5178,8662
00000002,1337,4F57,857C
00000002,1337,5130,82EA
00000002,1337,504B,8568
00000002,1337,5195,920D
00000002,1337,4F2D,AB08
00000002,1337,4D88,D2B7
00000002,1337,50B6,85D0
00000002,1337,5146,8446
00000002,1337,5155,8932
00000002,1337,5226,845B
00000002,1337,510A,F3C5
00000002,1337,4CAD,80B8
00000002,1337,4D52,827C
00000002,1337,50FF,BF3B
00000002,1337,51BE,8757
00000002,1337,50E5,F084
00000002,1337,50D8,E372
00000002,1337,51A8,8651
00000002,1337,4DAE,FF2D
00000002,1337,514E,86DE
00000002,1337,50E6,84A3
00000002,1337,5123,8677
00000002,1337,5213,DE07
00000002,1337,5081,8625
00000002,1337,51CA,8816
00000002,1337,516D,8731
00000002,1337,50AC,8592
00000002,1337,4DDB,8526
00000002,1337,512D,86BB
00000002,1337,4FD5,C104
00000002,1337,5106,87C8
00000002,1337,50C2,8AFD
00000002,1337,515E,88DD
00000002,1337,4B75,AC1A
00000002,1337,50C0,825F
00000002,1337,4F28,814B
00000002,1337,51A4,E70E
00000002,1337,51D2,88B9
00000002,1337,519F,9FAB
00000002,1337,51D3,872A
00000002,1337,50C3,8866
00000002,1337,521F,8B47
00000002,1337,5020,82EC
00000002,1337,50D1,871B
00000002,1337,5117,869B
00000002,1337,5195,97B9
00000002,1337,51F8,8821
00000002,1337,50BB,8643
00000002,1337,51A0,8533
00000002,1337,5138,841E
00000002,1337,50FA,8472
00000002,1337,515F,99FA
00000002,1337,5164,853C
00000002,1337,4E07,DF01
00000002,1337,50EE,84DE
00000002,1337,512E,8578
00000002,1337,5165,8F6F
00000002,1337,5199,D622
00000002,1337,4FBE,8799
00000002,1337,4CBF,8088
00000002,1337,5068,C10E
00000002,1337,5174,8D38
00000002,1337,5100,83DE
00000002,1337,50E2,8699
00000002,1337,5129,B541
00000002,1337,4FCA,8437
00000002,1337,50E6,A1FB
00000002,1337,522E,8556
00000002,1337,5088,8305
00000002,1337,4C27,80BC
00000002,1337,5163,838D
00000002,1337,4C8D,82B6
00000002,1337,511F,861E
00000002,1337,51B2,8E0F
00000002,1337,5161,D492
00000002,1337,518D,FED7
00000002,1337,519A,014A
00000002,1337,50C6,8A63
00000002,1337,5144,8621
00000002,1337,516F,D7C0
00000002,1337,4CE7,7FB4
00000002,1337,5024,E77A
00000002,1337,51EE,87B1
00000002,1337,5158,8636
00000002,1337,5141,FEEF
00000002,1337,516F,C2BD
00000002,1337,50CF,86D1
00000002,1337,51B9,8699
00000002,1337,518C,8880
00000002,1337,509D,D8C2
00000002,1337,4FE0,8751
00000002,1337,4B53,97D7
00000002,1337,510F,8287
00000002,1337,51C5,85C9
00000002,1337,508B,A203
00000002,1337,51AE,877D
00000002,1337,5174,ED49
00000002,1337,5028,8568
00000002,1337,50FB,8454
00000002,1337,5104,8885
00000002,1337,51E0,B0F5
00000002,1337,5223,87B4
00000002,1337,50A9,83A7
00000002,1337,521B,89EA
00000002,1337,513B,8616
00000002,1337,50BE,8711
00000002,1337,51AA,8776
00000002,1337,5075,8233
00000002,1337,50F0,8844
00000002,1337,50D2,8416
00000002,1337,50C3,DBD2
00000002,1337,510F,843B
00000002,1337,50CA,8656
00000002,1337,50D1,CA41
00000002,1337,4CD6,22AC
00000002,1337,519B,8460
00000002,1337,514A,85D6
00000002,1337,5126,8631
00000002,1337,5096,859A
00000002,1337,51E4,896C
00000002,1337,5193,D077
00000002,1337,4C8C,81B5
00000002,1337,4DBD,83EB
00000002,1337,5129,842D
00000002,1337,50FC,86EA
00000002,1337,504C,8525
00000002,1337,520B,891A
00000002,1337,517B,85EC
00000002,1337,519A,9597
00000002,1337,4FE0,8290
00000002,1337,5217,8715
00000002,1337,521E,858D
00000002,1337,4FD5,82AB
00000002,1337,50A3,82C9
00000002,1337,50D8,9BE6
00000002,1337,50E2,FA62
00000002,1337,516A,88F5
00000002,1337,50AF,D933
00000002,1337,51DC,968B
00000002,1337,510B,0E73
00000002,1337,5256,50F4
00000002,1337,50FB,8386
00000002,1337,52D6,1163
00000002,1337,520A,87E3
00000002,1337,51D3,ABEB
00000002,1337,51FA,83C1
00000002,1337,5178,8421
00000002,1337,5114,82EA
00000002,1337,51BD,8474
00000002,1337,5137,8CB6
00000002,1337,50B3,8307
00000002,1337,50E4,8309
00000002,1337,5126,92A6
00000002,1337,510F,C5D3
00000002,1337,5144,84C7
00000002,1337,5116,8745
00000002,1337,51BC,89CC
00000002,1337,509A,87EC
00000002,1337,51A9,8480
00000002,1337,5137,850A
00000002,1337,4D87,EF5E
00000002,1337,51B0,C584
00000002,1337,510D,1CE3
00000002,1337,51CB,8522
00000002,1337,5196,850A
00000002,1337,51AE,0CD1
00000002,1337,512F,963E
00000002,1337,5103,87AA
00000002,1337,4CF0,83BF
00000002,1337,5101,B802
00000002,1337,50A2,82F1
00000002,1337,5024,848F
00000002,1337,516F,861C
00000002,1337,5145,85CC
00000002,1337,519C,840D
00000002,1337,51C2,84C3
00000002,1337,5210,8997
00000002,1337,50C0,838E
00000002,1337,51AF,841C
00000002,1337,50B2,8838
00000002,1337,4D1E,A4EA
00000002,1337,51DE,B2A6
00000002,1337,51D3,872C
00000002,1337,518D,840C
00000002,1337,4C37,8335
00000002,1337,5185,DCC1
00000002,1337,5192,873C
00000002,1337,5186,DF77
00000002,1337,51B8,8775
00000002,1337,5113,86BC
00000002,1337,508A,8345
00000002,1337,50EE,85E2
00000002,1337,5098,85D3
00000002,1337,50B2,5FF4
00000002,1337,51B7,876F
00000002,1337,5213,8443
00000002,1337,51D6,DA95
00000002,1337,513E,8550
00000002,1337,51D2,85E9
00000002,1337,50C9,B82F
00000002,1337,5184,8D88
00000002,1337,5163,AB6B
00000002,1337,514D,C5F4
00000002,1337,5107,88D4
00000002,1337,50DE,866F
00000002,1337,5124,84EB
00000002,1337,5178,8400
00000002,1337,515E,8440
00000002,1337,4B36,81C4
00000002,1337,50BB,83C4
00000002,1337,4CC4,8555
00000002,1337,517C,901D
00000002,1337,50D8,A4EC
00000002,1337,5091,86CB
00000002,1337,5147,A451
00000002,1337,5184,8560
00000002,1337,522D,84CC
00000002,1337,5212,8707
00000002,1337,520D,BAB8
00000002,1337,50E9,88CC
00000002,1337,528F,9A7A
00000002,1337,51C4,8873
00000002,1337,5205,83F6
00000002,1337,5238,8594
00000002,1337,507F,83AA
00000002,1337,50AF,8799
00000002,1337,510E,8464
00000002,1337,508D,CA7D
00000002,1337,50F8,B5AB
00000002,1337,5190,8486
00000002,1337,5243,8AB0
00000002,1337,5049,84C0
00000002,1337,5067,8537
00000002,1337,4D18,DED7
00000002,1337,51C4,86E0
00000002,1337,5264,86F1
00000002,1337,5155,82F2
00000002,1337,517B,88B3
00000002,1337,5211,85C4
00000002,1337,50CE,83A4
00000002,1337,51B0,83C7
00000002,1337,50C9,820C
00000002,1337,5223,87BB
00000002,1337,510C,85EF
00000002,1337,5142,8CCE
00000002,1337,4DD8,8300
00000002,1337,50ED,83B4
00000002,1337,5250,8675
00000002,1337,501B,8716
00000002,1337,5132,85C3
00000002,1337,518C,879B
00000002,1337,5170,8735
00000002,1337,510E,86A7
00000002,1337,517D,83E4
00000002,1337,5180,C3ED
00000002,1337,50D5,87B0
00000002,1337,50DB,8773
00000002,1337,5097,85BE
00000002,1337,509C,89B6
00000002,1337,511B,8397
00000002,1337,50D3,B580
00000002,1337,5118,85FD
00000002,1337,506B,8851
00000002,1337,4FBF,E000
00000002,1337,51F6,8536
00000002,1337,5081,8449
00000002,1337,5151,84EB
00000002,1337,50AA,96E3
00000002,1337,4D56,F484
00000002,1337,5176,8609
00000002,1337,5198,8479
00000002,1337,50A6,87A1
00000002,1337,5262,982A
00000002,1337,5112,84CA
00000002,1337,5119,855B
00000002,1337,51BB,90AD
00000002,1337,516B,850E
00000002,1337,4D8E,AD63
00000002,1337,50F2,871D
00000002,1337,51A9,8544
00000002,1337,51BD,8798
00000002,1337,50C2,A331
00000002,1337,4BC3,8345
00000002,1337,5144,86EC
00000002,1337,51BF,949E
00000002,1337,50F3,87EB
00000002,1337,51E3,83B9
00000002,1337,518B,83CD
00000002,1337,5400,8785
00000002,1337,51AF,DE70
00000002,1337,4CB5,81AC
00000002,1337,492D,807E
00000002,1337,5128,A23B
00000002,1337,4F57,DB43
00000002,1337,510D,A681
00000002,1337,5118,88A1
00000002,1337,5155,D5FE
00000002,1337,5146,A46E
00000002,1337,51DC,8686
00000002,1337,51E1,86CF
00000002,1337,50C4,8A4D
00000002,1337,51CD,0C2A
00000002,1337,5192,8642
00000002,1337,519E,88C8
00000002,1337,516D,85D1
00000002,1337,51B7,8516
00000002,1337,4FDC,CB2C
00000002,1337,514D,836F
00000002,1337,5095,85E2
00000002,1337,471D,83CB
00000002,1337,5184,8417
00000002,1337,507D,A431
00000002,1337,515E,866D
00000002,1337,516E,8350
00000002,1337,519D,841B
00000002,1337,5218,8585
00000002,1337,511A,8367
00000002,1337,513D,8526
00000002,1337,50CD,AE36
00000002,1337,50BE,90D4
00000002,1337,4C6A,9D1F
00000002,1337,4BF3,81CF
00000002,1337,5095,8805
00000002,1337,50FF,88C5
00000002,1337,5119,83EB
00000002,1337,5170,F912
00000002,1337,50CE,8336
00000002,1337,5136,83B8
00000002,1337,51D9,8621
00000002,1337,51A8,FBC5
00000002,1337,5163,8815
00000002,1337,5188,8875
00000002,1337,5147,E6EF
00000002,1337,4D49,8346
00000002,1337,4D83,82F9
00000002,1337,4F1C,88DE
00000002,1337,5149,84F5
00000002,1337,512D,8365
00000002,1337,5214,8439
00000002,1337,47CE,7D61
00000002,1337,51AF,8677
00000002,1337,51EC,84A1
00000002,1337,51E6,8AAA
00000002,1337,524A,85F6
00000002,1337,509F,8856
00000002,1337,51C6,83B8
00000002,1337,5207,8CA7
00000002,1337,5011,82F4
00000002,1337,51AF,F9E6
00000002,1337,5198,868F
00000002,1337,4B6E,2666
00000002,1337,5037,874B
00000002,1337,51DD,87C7
00000002,1337,5126,87DE
00000002,1337,50BF,850C
00000002,1337,512C,EC7A
00000002,1337,5195,85A2
00000002,1337,51EE,8491
00000002,1337,50DA,84F0
00000002,1337,525C,DFAB
00000002,1337,51C2,83C5
00000002,1337,51EC,85FE
00000002,1337,512D,85C8
00000002,1337,50A9,823B
00000002,1337,5175,E3B5
00000002,1337,50B9,862C
00000002,1337,50C3,83C1
00000002,1337,5132,83CA
00000002,1337,511A,E02D
00000002,1337,5234,8995
00000002,1337,519A,8705
00000002,1337,50E9,854E
00000002,1337,4CC3,8273
00000002,1337,4E99,81FC
00000002,1337,50F9,9C3C
00000002,1337,5142,85DC
00000002,1337,5112,9947
00000002,1337,515F,CE42
00000002,1337,51C1,84A3
00000002,1337,5186,86D0
00000002,1337,5208,876B
00000002,1337,52BD,9495
00000002,1337,4F89,843E
00000002,1337,51B7,8905
00000002,1337,4CD7,80DF
00000002,1337,4FE2,8689
00000002,1337,5272,85B3
00000002,1337,514E,86DE
00000002,1337,5092,8410
00000002,1337,50D8,86AC
00000002,1337,50F7,86B8
00000002,1337,50BF,82DF
00000002,1337,51CB,84EB
00000002,1337,51CC,8475
00000002,1337,50B2,8371
00000002,1337,50D4,8757
00000002,1337,518D,836C
00000002,1337,511B,C683
00000002,1337,4DC0,86B6
00000002,1337,5104,829E
00000002,1337,51E2,88BB
00000002,1337,5248,8499
00000002,1337,524B,85A9
00000002,1337,5249,C9DB
00000002,1337,506F,9BC2
00000002,1337,5127,859C
00000002,1337,4CA7,FC53
00000002,1337,501D,82FE
00000002,1337,4F5F,A009
00000002,1337,51B4,84B1
00000002,1337,517B,84FD
00000002,1337,503A,81ED
00000002,1337,523D,84CD
00000002,1337,50FE,8814
00000002,1337,51D0,8EA2
00000002,1337,4F87,830F
00000002,1337,5039,A09B
00000002,1337,48DA,CA49
00000002,1337,517B,E1FF
00000002,1337,5129,858E
00000002,1337,5139,8533
00000002,1337,5219,909C
00000002,1337,50DB,82B5
00000002,1337,51E1,8704
00000002,1337,50A8,84AA
00000002,1337,514A,85B3
00000002,1337,51AE,A78C
00000002,1337,5103,8804
00000002,1337,5141,83B8
00000002,1337,507E,870E
00000002,1337,5107,FD74
00000002,1337,50E4,8BDF
00000002,1337,5103,83FB
00000002,1337,5162,85F0
00000002,1337,50D6,851A
00000002,1337,5199,84DE
00000002,1337,506D,8389
00000002,1337,5114,869F
00000002,1337,4C14,8EB9
00000002,1337,4E8D,842D
00000002,1337,51C8,0B75
00000002,1337,51C2,878E
00000002,1337,50E7,865F
00000002,1337,519B,DB3B
00000002,1337,5119,86FA
00000002,1337,5231,E64F
00000002,1337,51CA,89D0
00000002,1337,5198,861B
00000002,1337,519A,A004
00000002,1337,50E4,9A76
00000002,1337,522E,880D
00000002,1337,51A2,83DE
00000002,1337,5185,99AB
00000002,1337,5073,90F3
00000002,1337,51B7,8557
00000002,1337,54C5,8974
00000002,1337,51BA,E366
00000002,1337,50AF,8907
00000002,1337,51A8,864E
00000002,1337,523F,9ADE
00000002,1337,50BB,A151
00000002,1337,5216,8858
00000002,1337,51D0,8418
00000002,1337,5221,8601
00000002,1337,51CF,8806
00000002,1337,50E0,8A84
00000002,1337,512B,8695
00000002,1337,5184,85FA
00000002,1337,5271,A247
00000002,1337,50B0,8440
00000002,1337,4D7E,81E3
00000002,1337,4E96,9ABD
00000002,1337,50CC,86F0
00000002,1337,5289,093A
00000002,1337,4F2D,827B
00000002,1337,5142,8992
00000002,1337,50F4,86FA
00000002,1337,51C7,9138
00000002,1337,50F2,82BA
00000002,1337,515C,181E
00000002,1337,4FB0,8497
00000002,1337,5177,B7D5
00000002,1337,4F87,8927
00000002,1337,52A8,8A17
00000002,1337,512E,8925
00000002,1337,51E6,E57A
00000002,1337,5174,B253
00000002,1337,50F1,83F7
00000002,1337,4DFD,86EC
00000002,1337,51A3,84EE
00000002,1337,5168,888C
00000002,1337,51CA,8637
00000002,1337,51BB,8638
00000002,1337,511D,8343
00000002,1337,5177,8535
00000002,1337,4D8C,8184
00000002,1337,5234,84F6
00000002,1337,51DA,8700
00000002,1337,5126,86BC
00000002,1337,512E,86B2
00000002,1337,5089,CC09
00000002,1337,515B,93AA
00000002,1337,5188,84A6
00000002,1337,5087,0499
00000002,1337,50FB,D9B6
00000002,1337,50BD,B552
00000002,1337,51DA,84D8
00000002,1337,4F74,8331
00000002,1337,5217,89AB
00000002,1337,517C,8482
00000002,1337,5146,83EC
00000002,1337,50D0,A605
00000002,1337,51C4,8551
00000002,1337,5128,835E
00000002,1337,51EA,8658
00000002,1337,5189,E92A
00000002,1337,5176,85B4
00000002,1337,5215,856C
00000002,1337,520A,8969
00000002,1337,5129,8C1E
00000002,1337,50E7,8658
00000002,1337,4ED5,84BF
00000002,1337,50F9,85B1
00000002,1337,51C7,09A5
00000002,1337,50B4,8406
00000002,1337,5130,8601
00000002,1337,5188,8682
00000002,1337,5174,854E
00000002,1337,5178,9ABF
00000002,1337,51D0,8605
00000002,1337,4DBB,A73E
00000002,1337,51F4,92E2
00000002,1337,520F,853E
00000002,1337,515D,FA18
00000002,1337,5187,AA2B
00000002,1337,5115,840D
00000002,1337,4FBE,BF00
00000002,1337,517C,8403
00000002,1337,5115,83FF
00000002,1337,50EE,885E
00000002,1337,50BE,9520
00000002,1337,4D0A,8A09
00000002,1337,4EF0,80B8
00000002,1337,51D0,83EF
00000002,1337,5196,84CD
00000002,1337,4FFD,84E4
00000002,1337,4F19,825B
00000002,1337,4F26,02CC
00000002,1337,50DF,8817
00000002,1337,511C,2158
00000002,1337,51C8,18F0
00000002,1337,503B,D4D5
00000002,1337,4C62,A7D6
00000002,1337,4D2C,E080
00000002,1337,5207,8843
00000002,1337,50C2,86C0
00000002,1337,51BB,83D4
00000002,1337,5038,B1BF
00000002,1337,51A6,84E3
00000002,1337,4BEC,7FF9
00000002,1337,5189,8806
00000002,1337,520C,86E9
00000002,1337,5079,8779
00000002,1337,51A2,88DC
00000002,1337,508C,83C8
00000002,1337,5199,D853
00000002,1337,5229,8A28
00000002,1337,512F,8316
00000002,1337,5193,88C1
00000002,1337,5220,88FA
00000002,1337,5165,8689
00000002,1337,5163,B96C
00000002,1337,4C10,C6B9
00000002,1337,4DD7,AD8D
00000002,1337,4F2C,81D5
00000002,1337,5175,86E5
00000002,1337,50B2,B3EB
00000002,1337,4E5B,83F9
00000002,1337,51BC,F733
00000002,1337,5143,85DB
00000002,1337,5155,8498
00000002,1337,51A8,8495
00000002,1337,51BB,8649
00000002,1337,50BD,866C
00000002,1337,4FA8,8358
00000002,1337,4E79,A067
00000002,1337,51AF,8374
00000002,1337,51EC,F2ED
00000002,1337,518C,873D
00000002,1337,5045,87DF
00000002,1337,5181,C404
00000002,1337,5129,8958
00000002,1337,5155,1B4F
00000002,1337,51B9,864F
00000002,1337,5116,86AA
00000002,1337,50C1,A7A6
00000002,1337,511E,82F3
00000002,1337,5216,89B3
00000002,1337,4FCF,E842
00000002,1337,504E,A709
00000002,1337,4C43,8C62
00000002,1337,51AC,843E
00000002,1337,50B8,F2A1
00000002,1337,5134,8398
00000002,1337,509B,836F
00000002,1337,51E2,8854
00000002,1337,50D0,83FB
00000002,1337,51B3,88A7
00000002,1337,51DE,85C9
00000002,1337,50DF,85DD
00000002,1337,51E9,BA12
00000002,1337,513C,86B4
00000002,1337,5146,969E
00000002,1337,51C8,A608
00000002,1337,522B,892D
00000002,1337,50CC,85DE
00000002,1337,5131,83BF
00000002,1337,5194,F0DF
00000002,1337,510D,83DD
00000002,1337,5176,8680
00000002,1337,4D2C,8499
00000002,1337,514B,8721
00000002,1337,5189,BB89
00000002,1337,505B,94D6
00000002,1337,51D6,87DA
00000002,1337,514E,9F14
00000002,1337,50E8,AB87
00000002,1337,50D0,839C
00000002,1337,50E4,85C8
00000002,1337,50FA,C24C
00000002,1337,5170,886D
00000002,1337,5191,86AF
00000002,1337,5295,E252
00000002,1337,50F7,873A
00000002,1337,5116,8466
00000002,1337,4CD4,A354
00000002,1337,517E,FD8F
00000002,1337,5182,B076
00000002,1337,511D,82D2
00000002,1337,519F,87AC
00000002,1337,51AE,9BE8
00000002,1337,5129,BBCD
00000002,1337,533D,ADA7
00000002,1337,5141,8488
00000002,1337,528C,857D
00000002,1337,5042,829F
00000002,1337,4C82,84BD
00000002,1337,50BD,83A8
00000002,1337,504B,87DF
00000002,1337,513C,876F
00000002,1337,5165,A64F
00000002,1337,50D7,86C6
00000002,1337,4C7C,805A
00000002,1337,5235,89B5
00000002,1337,5197,83AA
00000002,1337,51C4,D1F8
00000002,1337,510B,8420
00000002,1337,5143,21C9
00000002,1337,506A,EF18
00000002,1337,5169,E275
00000002,1337,513E,83E6
00000002,1337,5107,8866
00000002,1337,4BCE,82BA
00000002,1337,51EE,8505
00000002,1337,5282,88B7
00000002,1337,510A,9116
00000002,1337,4D7E,9380
00000002,1337,5127,AE36
00000002,1337,520B,87A2
00000002,1337,512A,8762
00000002,1337,50F1,8443
00000002,1337,4FEE,8397
00000002,1337,4F9B,E3B8
00000002,1337,5138,8603
00000002,1337,51F1,87D1
00000002,1337,51E1,8701
00000002,1337,5251,B09C
00000002,1337,516B,891F
00000002,1337,51F1,EFD3
00000002,1337,51C1,870E
00000002,1337,518A,8552
00000002,1337,5187,8660
00000002,1337,51C4,8912
00000002,1337,5097,222E
00000002,1337,4FC2,84EE
00000002,1337,511A,8631
00000002,1337,50EB,8578
00000002,1337,51EC,E508
00000002,1337,51AE,8466
00000002,1337,50D0,8375
00000002,1337,512A,84DD
00000002,1337,521E,86CB
00000002,1337,5163,84A0
00000002,1337,50F6,85C2
00000002,1337,4D36,859B
00000002,1337,50EF,85E7
00000002,1337,5242,8B09
00000002,1337,50DA,86DF
00000002,1337,50E3,892A
00000002,1337,50C7,830D
00000002,1337,51E4,85E8
00000002,1337,507E,8425
00000002,1337,50FC,E5A8
00000002,1337,50CB,832A
00000002,1337,5109,8686
00000002,1337,4D21,E0AB
00000002,1337,518A,F271
00000002,1337,51E3,8924
00000002,1337,5145,85B8
00000002,1337,50A2,B228
00000002,1337,4BBC,8353
00000002,1337,50AA,8680
00000002,1337,521C,86D0
00000002,1337,5082,8766
00000002,1337,510A,EAED
00000002,1337,5177,007C
00000002,1337,4FD4,8877
00000002,1337,51EF,847A
00000002,1337,51C8,A92A
00000002,1337,51F4,83B4
00000002,1337,4C77,8250
00000002,1337,51E5,868C
00000002,1337,518B,D7CB
00000002,1337,51D4,8643
00000002,1337,4E1F,98ED
00000002,1337,5172,86A3
00000002,1337,4FF2,8512
00000002,1337,51F3,857D
00000002,1337,51FA,82FD
00000002,1337,4E07,FB74
00000002,1337,507A,8664
00000002,1337,51B7,DA0F
00000002,1337,51F5,85A9
00000002,1337,51C6,84C3
00000002,1337,4B48,7F70
00000002,1337,5000,82B7
00000002,1337,50D1,BB99
00000002,1337,500C,8285
00000002,1337,5141,8562
00000002,1337,51EE,8428
00000002,1337,4B81,8201
00000002,1337,51E8,853A
00000002,1337,5159,8C6F
00000002,1337,50F3,872D
00000002,1337,51D0,D21B
00000002,1337,51A6,86FC
00000002,1337,51C4,8459
00000002,1337,51EC,87C4
00000002,1337,50EF,832C
00000002,1337,5206,8830
00000002,1337,50E5,85BB
00000002,1337,50BC,CF47
00000002,1337,51E0,962A
00000002,1337,508A,E63D
00000002,1337,50A8,84D7
00000002,1337,51E4,E9F8
00000002,1337,51BD,896F
00000002,1337,5247,84C2
00000002,1337,51C2,843E
00000002,1337,50EE,86BF
00000002,1337,5224,86FD
00000002,1337,51EC,8467
00000002,1337,5195,AC8A
00000002,1337,5143,A915
00000002,1337,5147,83CD
00000002,1337,50FB,A407
00000002,1337,4FA2,8225
00000002,1337,5122,9D53
00000002,1337,5228,893A
00000002,1337,5187,86F5
00000002,1337,51A2,8905
00000002,1337,5186,92FD
00000002,1337,5158,8CA9
00000002,1337,515C,8326
00000002,1337,50F1,8683
00000002,1337,51DF,CF47
00000002,1337,5146,9484
00000002,1337,50F2,9803
00000002,1337,51BB,89D6
00000002,1337,51ED,C6DA
00000002,1337,50DB,8837
00000002,1337,507A,861D
00000002,1337,51CF,86BF
00000002,1337,51D2,859F
00000002,1337,4ED0,8E0D
00000002,1337,5214,D51C
00000002,1337,4EBA,8353
00000002,1337,51B1,8453
00000002,1337,4A42,C83E
00000002,1337,5167,8468
00000002,1337,5100,861B
00000002,1337,504A,84FF
00000002,1337,5069,85DC
00000002,1337,510C,8B81
00000002,1337,50F0,849D
00000002,1337,5078,CB0B
00000002,1337,4D6D,81D7
00000002,1337,4EE0,82A8
00000002,1337,50AB,84C8
00000002,1337,51B5,83ED
00000002,1337,50C5,87C4
00000002,1337,51CA,B238
00000002,1337,5109,9B27
00000002,1337,518D,9368
00000002,1337,510E,B189
00000002,1337,511D,85E9
00000002,1337,50D7,87E2
00000002,1337,4E7C,821F
00000002,1337,519E,8406
00000002,1337,4ACD,1972
00000002,1337,50CC,8374
00000002,1337,5039,ADC2
00000002,1337,5262,CC66
00000002,1337,51B6,B0F0
00000002,1337,5090,87F9
00000002,1337,508A,83BF
00000002,1337,4FB0,8492
00000002,1337,5153,859B
00000002,1337,5078,86CD
00000002,1337,50C1,99B0
00000002,1337,50C2,86E9
00000002,1337,506D,BCE1
00000002,1337,4F1B,849C
00000002,1337,508F,8833
00000002,1337,51ED,9909
00000002,1337,5141,8505
00000002,1337,4BEC,8DDD
00000002,1337,50C4,F56B
00000002,1337,5149,83E9
00000002,1337,51B1,84A8
00000002,1337,51AB,B3B7
00000002,1337,4F72,8556
00000002,1337,4FD0,841C
00000002,1337,50E0,882E
00000002,1337,4C78,C822
00000002,1337,51AA,8875
00000002,1337,519C,8865
00000002,1337,51B0,8613
00000002,1337,5124,AF55
00000002,1337,51CE,893C
00000002,1337,510B,85B9
00000002,1337,5161,8445
00000002,1337,519B,A5BC
00000002,1337,4FB1,897F
00000002,1337,4FFE,BD09
00000002,1337,5154,845F
00000002,1337,506E,82EF
00000002,1337,5200,8998
00000002,1337,51B1,8698
00000002,1337,520B,83E8
00000002,1337,4B07,82D4
00000002,1337,5208,866A
00000002,1337,51D2,8830
00000002,1337,5223,891B
00000002,1337,517B,96ED
00000002,1337,50AB,85A1
00000002,1337,51A5,E41C
00000002,1337,516B,841B
00000002,1337,50C2,C02C
00000002,1337,51E4,850B
00000002,1337,4EE7,FC0E
00000002,1337,4FDC,85C3
00000002,1337,515C,9AD0
00000002,1337,50D8,871F
00000002,1337,505C,86AF
00000002,1337,51AB,86AB
00000002,1337,5146,8693
00000002,1337,51DD,8F6D
00000002,1337,51A8,8483
00000002,1337,51AB,8952
00000002,1337,516C,8682
00000002,1337,511A,88FB
00000002,1337,50C0,9D1B
00000002,1337,504A,8579
00000002,1337,4F04,BA2F
00000002,1337,4EC7,8350
00000002,1337,50A7,8872
00000002,1337,5131,88AF
00000002,1337,4F58,871F
00000002,1337,4F61,8158
00000002,1337,5200,8834
00000002,1337,5131,86CE
00000002,1337,50D8,8655
00000002,1337,51C2,8497
00000002,1337,5187,F1C3
00000002,1337,5160,C095
00000002,1337,51EA,5C39
00000002,1337,5111,83A3
00000002,1337,5191,FDDF
00000002,1337,5185,8526
00000002,1337,5058,84F0
00000002,1337,5078,E235
00000002,1337,5094,8779
00000002,1337,4FFA,8534
00000002,1337,51CA,8635
00000002,1337,522B,DE6B
00000002,1337,4D1A,8427
00000002,1337,515C,88E1
00000002,1337,519F,F149
00000002,1337,5131,83A6
00000002,1337,5126,83AB
00000002,1337,5086,A015
00000002,1337,5213,C018
00000002,1337,51E3,872E
00000002,1337,4D8B,9AB5
00000002,1337,51F4,00B3
00000002,1337,51AD,8519
00000002,1337,520A,018E
00000002,1337,5076,8564
00000002,1337,520A,A484
00000002,1337,4E0C,8843
00000002,1337,51BE,8483
00000002,1337,51BD,833B
00000002,1337,50B7,1161
00000002,1337,50BC,87F2
00000002,1337,5211,83E3
00000002,1337,4DA3,8052
00000002,1337,51C6,84EF
00000002,1337,5137,9E62
00000002,1337,51AD,872E
00000002,1337,5118,C279
00000002,1337,5133,8792
00000002,1337,50B1,6FD8
00000002,1337,515A,8735
00000002,1337,512D,9EE9
00000002,1337,519B,DC4D
00000002,1337,51F9,8A44
00000002,1337,5169,8C8E
00000002,1337,5070,8C7A
00000002,1337,5010,A106
00000002,1337,5162,82EF
00000002,1337,5116,8B81
00000002,1337,518C,8318
00000002,1337,50EA,87E8
00000002,1337,5146,8824
00000002,1337,50E9,8479
00000002,1337,5100,F911
00000002,1337,4F7E,914E
00000002,1337,51EA,86C0
00000002,1337,5153,83D0
00000002,1337,4DC9,B64F
00000002,1337,517A,9660
00000002,1337,50CD,8577
00000002,1337,51B0,8795
00000002,1337,4F83,DDC7
00000002,1337,4EB6,9187
00000002,1337,5251,86FE
00000002,1337,4BE9,8143
00000002,1337,526D,85B7
00000002,1337,50D2,879E
00000002,1337,4C1C,8149
00000002,1337,51BA,F277
00000002,1337,5187,89DE
00000002,1337,5131,9BC9
00000002,1337,5164,8869
00000002,1337,519B,2391
00000002,1337,4C34,855F
00000002,1337,499E,939A
00000002,1337,5075,A255
00000002,1337,523B,8589
00000002,1337,5139,8864
00000002,1337,521C,8484
00000002,1337,5133,8716
00000002,1337,516E,8557
00000002,1337,5118,862E
00000002,1337,508B,4DBA
00000002,1337,512C,8610
00000002,1337,51BC,8CA8
00000002,1337,5237,86BF
00000002,1337,51C9,89E2
00000002,1337,51F2,84A0
00000002,1337,5255,8703
00000002,1337,48E2,7CB0
00000002,1337,5229,84AF
00000002,1337,51B4,53B5
00000002,1337,520A,88EE
00000002,1337,5207,9CB8
00000002,1337,505F,8362
00000002,1337,5221,A2DD
00000002,1337,515F,A230
00000002,1337,5100,A553
00000002,1337,50F1,AEB3
00000002,1337,4FAB,A30A
00000002,1337,4FDB,8745
00000002,1337,516C,8861
00000002,1337,51CE,86C2
00000002,1337,5272,8A68
00000002,1337,521C,96E2
00000002,1337,4FDD,E112
00000002,1337,5110,85A8
00000002,1337,518D,8536
00000002,1337,5189,89B6
00000002,1337,51D9,8535
00000002,1337,4F4B,84C9
00000002,1337,51C2,86E9
00000002,1337,5102,D759
00000002,1337,4F62,81B2
00000002,1337,526F,86BD
00000002,1337,517D,D153
00000002,1337,50F2,83C0
00000002,1337,51A0,865F
00000002,1337,52D3,E28E
00000002,1337,5275,9509
00000002,1337,50B9,B617
00000002,1337,50BC,83D9
00000002,1337,4FDD,89E9
00000002,1337,50DC,A8FA
00000002,1337,51FD,E552
00000002,1337,5163,B007
00000002,1337,5102,8FC5
00000002,1337,509E,851C
00000002,1337,5118,9A76
00000002,1337,50FB,8843
00000002,1337,515D,8707
00000002,1337,50EE,8612
00000002,1337,5222,8B0E
00000002,1337,518A,85AA
00000002,1337,4DF1,845B
00000002,1337,4D9A,81E9
00000002,1337,5114,8601
00000002,1337,5058,8561
00000002,1337,5039,F4D5
00000002,1337,519F,83A3
00000002,1337,51D3,E919
00000002,1337,521F,86E8
00000002,1337,4D5B,C218
00000002,1337,508B,9C7D
00000002,1337,4ED4,C260
00000002,1337,5093,85A5
00000002,1337,51CB,840F
00000002,1337,53E7,9B90
00000002,1337,4FDF,DF60
00000002,1337,5191,B7A9
00000002,1337,5044,8820
00000002,1337,50DC,E8D0
00000002,1337,50A3,84AC
00000002,1337,5101,87A4
00000002,1337,50C0,9C50
00000002,1337,4FA8,839A
00000002,1337,511E,8334
00000002,1337,5078,B15B
00000002,1337,51C2,891E
00000002,1337,51F7,86EE
00000002,1337,51AD,84B2
00000002,1337,51B8,8505
00000002,1337,51A0,8996
00000002,1337,5082,8797
00000002,1337,516A,849A
00000002,1337,5138,9DB1
00000002,1337,4C98,E6D3
00000002,1337,4F3A,820D
00000002,1337,5105,87FE
00000002,1337,514E,8569
00000002,1337,5171,85BA
00000002,1337,51FE,8960
00000002,1337,4C2E,B0F9
00000002,1337,50F6,8454
00000002,1337,5195,8409
00000002,1337,50E5,8473
00000002,1337,4EEE,A478
00000002,1337,50E7,9CCB
00000002,1337,50BD,8506
00000002,1337,51FC,85EC
00000002,1337,518F,C468
00000002,1337,5247,899A
00000002,1337,50EC,BD59
00000002,1337,515F,8530
00000002,1337,4D4A,8F60
00000002,1337,512A,82B3
00000002,1337,50AA,87EE
00000002,1337,518D,8549
00000002,1337,503F,8558
00000002,1337,5094,BA31
00000002,1337,511D,9563
00000002,1337,51D2,83CB
00000002,1337,51AE,879B
00000002,1337,504B,9A1E
00000002,1337,4AAD,7E13
00000002,1337,50F0,8293
00000002,1337,50C3,82F5
00000002,1337,4D60,8413
00000002,1337,5191,82E7
00000002,1337,51FC,87E0
00000002,1337,51DC,875F
00000002,1337,50EF,AA6B
00000002,1337,5143,871F
00000002,1337,4FF4,857F
00000002,1337,4DCE,85EF
00000002,1337,51EA,A948
00000002,1337,51F4,8762
00000002,1337,504B,85E3
00000002,1337,4FA2,8662
00000002,1337,50DA,834D
00000002,1337,4D16,8109
00000002,1337,512D,EA17
00000002,1337,50CD,85B7
00000002,1337,51B7,83A7
00000002,1337,5132,876F
00000002,1337,512B,888D
00000002,1337,514F,9079
00000002,1337,51FF,84EF
00000002,1337,5171,8E96
00000002,1337,51FC,F455
00000002,1337,518D,898E
00000002,1337,50FE,8CCC
00000002,1337,5126,CD09
00000002,1337,5094,83B7
00000002,1337,50A1,3770
00000002,1337,5245,E2B2
00000002,1337,4FAB,861F
00000002,1337,50A8,93A3
00000002,1337,51B4,C4A6
00000002,1337,50B3,870D
00000002,1337,50DB,884C
00000002,1337,523D,84AD
00000002,1337,5093,99D6
00000002,1337,50CF,B794
00000002,1337,4FF0,8861
00000002,1337,50AF,C16B
00000002,1337,5121,82AC
00000002,1337,51AD,89B9
00000002,1337,50B2,AE37
00000002,1337,5142,9029
00000002,1337,5178,85FD
00000002,1337,522A,8810
00000002,1337,50FF,8567
00000002,1337,511D,8510
00000002,1337,504F,8732
00000002,1337,5293,8883
00000002,1337,517E,B83A
00000002,1337,50D7,94D7
00000002,1337,518A,CCF5
00000002,1337,5210,97AE
00000002,1337,51EE,87A8
00000002,1337,50C6,88D9
00000002,1337,5204,B890
00000002,1337,5129,8444
00000002,1337,514D,9E16
00000002,1337,4BF9,B9D7
00000002,1337,50C8,85FE
00000002,1337,50D0,8875
00000002,1337,50B4,8523
00000002,1337,50C1,8448
00000002,1337,521A,8641
00000002,1337,5113,83C3
00000002,1337,51E6,894C
00000002,1337,51D6,8734
00000002,1337,51BB,8684
00000002,1337,51C8,86FE
00000002,1337,510E,85DB
00000002,1337,50F9,8719
00000002,1337,50A4,83A7
00000002,1337,5075,E8C2
00000002,1337,5163,8BE1
00000002,1337,520B,8777
00000002,1337,514B,B63E
00000002,1337,51FF,87B9
00000002,1337,4D3B,810F
00000002,1337,5185,86DA
00000002,1337,50F1,87B6
00000002,1337,51AE,9838
00000002,1337,5024,8747
00000002,1337,5242,8A3B
00000002,1337,5135,8630
00000002,1337,503F,8354
00000002,1337,511A,8906
00000002,1337,4EA1,8274
00000002,1337,51B0,8775
00000002,1337,515D,84D4
00000002,1337,512A,8724
00000002,1337,4C55,DD4E
00000002,1337,5037,8413
00000002,1337,5226,85D6
00000002,1337,50B7,B208
00000002,1337,507F,838B
00000002,1337,5216,8507
00000002,1337,51F8,86A0
00000002,1337,4BD6,806E
00000002,1337,5194,8075
00000002,1337,50F8,E3DA
00000002,1337,50F9,86D1
00000002,1337,5121,8385
00000002,1337,5112,853E
00000002,1337,5069,83E7
00000002,1337,51D0,C6D3
00000002,1337,51C1,8542
00000002,1337,513D,C08D
00000002,1337,4D19,94B7
00000002,1337,4C95,A54B
00000002,1337,4FC1,86FA
00000002,1337,511D,A053
00000002,1337,51C8,F068
00000002,1337,50D7,8676
00000002,1337,5215,F6C0
00000002,1337,5214,866D
00000002,1337,50A2,9250
00000002,1337,523F,EB2E
00000002,1337,4AF5,AC05
00000002,1337,51C6,87D4
00000002,1337,51CD,A7AF
00000002,1337,4995,7C88
00000002,1337,5141,B1C5
00000002,1337,50EB,B029
00000002,1337,514F,9D87
00000002,1337,4E75,832B
00000002,1337,51DB,85F7
00000002,1337,526A,8622
00000002,1337,504A,B2C6
00000002,1337,50CE,E82A
00000002,1337,50EB,83C0
00000002,1337,507C,EC7F
00000002,1337,511C,8413
00000002,1337,519D,86BC
00000002,1337,50CE,8641
00000002,1337,4E90,D4DF
00000002,1337,513E,E2F7
00000002,1337,5214,84A0
00000002,1337,5274,8770
00000002,1337,50E3,87F0
00000002,1337,5047,881D
00000002,1337,511D,8816
00000002,1337,5199,8429
00000002,1337,516A,8EC2
00000002,1337,4CAE,7FDD
00000002,1337,5110,C60C
00000002,1337,527A,89E2
00000002,1337,5176,8453
00000002,1337,5077,827C
00000002,1337,4AEC,9204
00000002,1337,5084,8587
00000002,1337,5180,87E5
00000002,1337,4FBC,8281
00000002,1337,5023,8973
00000002,1337,51F5,8582
00000002,1337,4DC6,8510
00000002,1337,4C08,93C2
00000002,1337,50D3,885E
00000002,1337,5083,B570
00000002,1337,5132,A0B7
00000002,1337,51C9,84E7
00000002,1337,505C,87F4
00000002,1337,50C5,84D1
00000002,1337,5133,B66A
00000002,1337,5117,835E
00000002,1337,52EC,A06D
00000002,1337,504A,E869
00000002,1337,5172,895A
00000002,1337,51CE,E816
00000002,1337,5159,A3D6
00000002,1337,51F2,89D5
00000002,1337,50CD,8648
00000002,1337,509E,8572
00000002,1337,511C,F4FE
00000002,1337,5192,8715
00000002,1337,4D16,86C5
00000002,1337,5216,8DDF
00000002,1337,506A,8457
00000002,1337,4F03,82F3
00000002,1337,51E9,E350
00000002,1337,50BC,9E0B
00000002,1337,509F,86EE
00000002,1337,517E,866B
00000002,1337,51E8,8730
00000002,1337,5164,87C9
00000002,1337,546F,F83C
00000002,1337,51C1,9373
00000002,1337,50D5,DFA4
00000002,1337,50AF,8328
00000002,1337,5228,8AE4
00000002,1337,5166,8779
00000002,1337,5062,8280
00000002,1337,50A5,861E
00000002,1337,4ACF,D64B
00000002,1337,5106,854A
00000002,1337,50ED,84D0
00000002,1337,4FD8,858E
00000002,1337,511D,F36D
00000002,1337,512E,8894
00000002,1337,5219,C0C3
00000002,1337,521C,84AB
00000002,1337,51FD,86F2
00000002,1337,5161,E776
00000002,1337,5107,84B4
00000002,1337,507A,BF34
00000002,1337,5198,8471
00000002,1337,50C2,85BC
00000002,1337,5128,EF98
00000002,1337,51D0,8531
00000002,1337,5138,9AEF
00000002,1337,51B1,868F
00000002,1337,4B74,8244
00000002,1337,5172,83E4
00000002,1337,514A,84EC
00000002,1337,4EA6,8229
00000002,1337,5181,1617
00000002,1337,5229,89AF
00000002,1337,51A8,0AC5
00000002,1337,5035,EBAC
00000002,1337,4AE5,8044
00000002,1337,5160,84FA
00000002,1337,5057,9117
00000002,1337,5034,87BD
00000002,1337,5174,8408
00000002,1337,529C,840E
00000002,1337,515C,8413
00000002,1337,517C,8511
00000002,1337,50B7,8796
00000002,1337,51AE,87AF
00000002,1337,5085,8853
00000002,1337,514A,842C
00000002,1337,50C3,9232
00000002,1337,5104,8483
00000002,1337,50EF,0634
00000002,1337,5185,8495
00000002,1337,50A0,84E6
00000002,1337,518F,8822
00000002,1337,51EF,881C
00000002,1337,4B89,80A6
00000002,1337,509F,85A7
00000002,1337,50B7,8305
00000002,1337,51C4,BD51
00000002,1337,4CAB,8259
00000002,1337,5065,A903
00000002,1337,51BA,8487
00000002,1337,4D5E,8115
00000002,1337,505D,86D8
00000002,1337,50AF,8312
00000002,1337,5181,83B4
00000002,1337,50E5,8FC4
00000002,1337,514C,9856
00000002,1337,5187,8868
00000002,1337,51BB,8584
00000002,1337,51AD,8678
00000002,1337,4E52,F9D5
00000002,1337,5090,8436
00000002,1337,50C9,846E
00000002,1337,50F8,84D5
00000002,1337,51D3,FF82
00000002,1337,5111,E471
00000002,1337,514F,8307
00000002,1337,51BB,871F
00000002,1337,5218,B814
00000002,1337,520F,88E9
00000002,1337,4BA0,8432
00000002,1337,506D,8C52
00000002,1337,510F,0958
00000002,1337,511E,8907
00000002,1337,51F7,86A0
00000002,1337,51F6,8705
00000002,1337,50A7,8719
00000002,1337,519B,8702
00000002,1337,51A6,E022
00000002,1337,5135,830D
00000002,1337,503C,FDD6
00000002,1337,4CCF,8222
00000002,1337,4DE0,8186
00000002,1337,50E9,83FD
00000002,1337,5098,82B5
00000002,1337,522C,857A
00000002,1337,512B,EE67
00000002,1337,4B68,8527
00000002,1337,50B3,A6B3
00000002,1337,5178,863F
00000002,1337,50B7,81DA
00000002,1337,5217,EEA3
00000002,1337,505E,83BA
00000002,1337,513C,FBB5
00000002,1337,51E2,89D8
00000002,1337,51EF,89B3
00000002,1337,5118,884E
00000002,1337,4ADA,8302
00000002,1337,4DB7,E778
00000002,1337,5148,844E
00000002,1337,4F8D,829C
00000002,1337,513E,CAF6
00000002,1337,5194,88DF
00000002,1337,5102,85CD
00000002,1337,50B3,839D
00000002,1337,5131,96B0
00000002,1337,50E4,CBB5
00000002,1337,5018,8469
00000002,1337,51C2,8333
00000002,1337,4E20,9FE8
00000002,1337,51A4,012D
00000002,1337,5110,876B
00000002,1337,512A,85FE
00000002,1337,510F,C0B8
00000002,1337,5132,84EA
00000002,1337,512A,8658
00000002,1337,5233,E85C
00000002,1337,4D99,8192
00000002,1337,4FBE,A99D
00000002,1337,5113,835E
00000002,1337,51AD,00BD
00000002,1337,51B8,386A
00000002,1337,5136,F343
00000002,1337,51E5,8523
00000002,1337,50CF,FB8A
00000002,1337,519D,EA0F
00000002,1337,5078,8429
00000002,1337,515E,8D3D
00000002,1337,50F2,8871
00000002,1337,5186,85AA
00000002,1337,5108,844D
00000002,1337,516C,87CA
00000002,1337,51CB,9BF6
00000002,1337,51D1,8640
00000002,1337,5136,4F6F
00000002,1337,5283,87D1
00000002,1337,511F,F35D
00000002,1337,51DF,848C
00000002,1337,4EE5,1C33
00000002,1337,51C8,8A7C
00000002,1337,50F7,86C8
00000002,1337,5097,82F3
00000002,1337,5103,823E
00000002,1337,51F4,8524
00000002,1337,5239,A314
00000002,1337,520B,AD7B
00000002,1337,521B,87C5
00000002,1337,50EE,8437
00000002,1337,51B0,871B
00000002,1337,50E4,83D3
00000002,1337,51B8,83DC
00000002,1337,50DC,84CB
00000002,1337,4FB7,8419
00000002,1337,4B2D,7E74
00000002,1337,506E,8742
00000002,1337,5143,8469
00000002,1337,510B,8A2E
00000002,1337,5186,851B
00000002,1337,5215,885C
00000002,1337,51B8,AF5F
00000002,1337,51C7,86C5
00000002,1337,51AC,87C6
00000002,1337,51AC,B491
00000002,1337,511B,8669
00000002,1337,5158,F4B0
00000002,1337,521C,8898
00000002,1337,5211,864A
00000002,1337,51D2,8766
00000002,1337,51CC,860C
00000002,1337,51FB,D5CD
00000002,1337,50F3,85B0
00000002,1337,514D,8898
00000002,1337,510A,8370
00000002,1337,519E,AEBE
00000002,1337,514E,8676
00000002,1337,51B3,85AA
00000002,1337,512D,8568
00000002,1337,51F5,858E
00000002,1337,51BF,889C
00000002,1337,51F3,C2CA
00000002,1337,519B,86C8
00000002,1337,51B2,E30B
00000002,1337,51B3,DAA7
00000002,1337,518E,8F17
00000002,1337,51C3,867E
00000002,1337,51D6,8536
00000002,1337,51F7,859E
00000002,1337,4DF2,2F59
00000002,1337,4E03,851B
00000002,1337,51BD,E8B7
00000002,1337,51D8,871C
00000002,1337,519F,851C
00000002,1337,51F7,898F
00000002,1337,4DFD,830C
00000002,1337,5199,8A68
00000002,1337,51B7,8772
00000002,1337,5210,87C8
00000002,1337,5162,0047
00000002,1337,51D4,CF33
00000002,1337,502D,E911
00000002,1337,5248,8506
00000002,1337,4E64,8153
00000002,1337,5143,87E5
00000002,1337,4D1E,9FE4
00000002,1337,51A7,8979
00000002,1337,507E,C04A
00000002,1337,50C8,8791
00000002,1337,5107,8399
00000002,1337,5163,82B5
00000002,1337,50E2,8622
00000002,1337,523E,84B8
00000002,1337,5168,8AB5
00000002,1337,4B5F,7F68
00000002,1337,50FC,8B88
00000002,1337,5131,0BD1
00000002,1337,5133,9CD4
00000002,1337,51D6,8454
00000002,1337,4EF2,A633
00000002,1337,5168,EB92
00000002,1337,5277,8969
00000002,1337,5109,83CA
00000002,1337,51EB,D48B
00000002,1337,511E,85AE
00000002,1337,514F,D999
00000002,1337,5166,88A1
00000002,1337,4F2F,817B
00000002,1337,5090,8894
00000002,1337,5094,9828
00000002,1337,516C,9080
00000002,1337,5054,8662
00000002,1337,5131,8399
00000002,1337,51AD,83A9
00000002,1337,5223,87B6
00000002,1337,508C,8256
00000002,1337,5148,8747
00000002,1337,51C4,0284
00000002,1337,4F70,86EB
00000002,1337,509A,147D
00000002,1337,508A,846F
00000002,1337,5139,8301
00000002,1337,5141,8373
00000002,1337,5105,BB12
00000002,1337,5092,857D
00000002,1337,4B64,D490
00000002,1337,5091,EE79
00000002,1337,5194,8626
00000002,1337,51CB,DD3B
00000002,1337,518D,8557
00000002,1337,519F,83B5
00000002,1337,51AF,96F2
00000002,1337,50CC,8C15
00000002,1337,5171,A675
00000002,1337,51B7,976C
00000002,1337,511F,8566
00000002,1337,4ED1,852B
00000002,1337,521A,9E80
00000002,1337,4FF6,855D
00000002,1337,4FDF,86E5
00000002,1337,51B8,835F
00000002,1337,50B6,88BC
00000002,1337,518B,8574
00000002,1337,518B,82B5
00000002,1337,51E7,8577
00000002,1337,50EF,864F
00000002,1337,5044,81FC
00000002,1337,51CD,8E98
00000002,1337,4E86,880A
00000002,1337,524C,D773
00000002,1337,51A2,8770
00000002,1337,4FA4,E4EA
00000002,1337,524A,89C7
00000002,1337,5023,831F
00000002,1337,4D2E,82EF
00000002,1337,4C84,827A
00000002,1337,50AB,B368
00000002,1337,5195,83BE
00000002,1337,50EF,020C
00000002,1337,5098,8806
00000002,1337,5234,86D0
00000002,1337,51F4,8808
00000002,1337,50B0,835E
00000002,1337,50E9,830A
00000002,1337,523A,86E7
00000002,1337,5129,841B
00000002,1337,50C4,8464
00000002,1337,51CA,A107
00000002,1337,5222,99B3
00000002,1337,50C8,840C
00000002,1337,5185,893D
00000002,1337,5163,884B
00000002,1337,5205,8662
00000002,1337,50F6,863B
00000002,1337,517D,873B
00000002,1337,5142,86A6
00000002,1337,5188,895F
00000002,1337,51B4,840E
00000002,1337,51EB,84C6
00000002,1337,5159,17DD
00000002,1337,4F5B,8645
00000002,1337,5077,8337
00000002,1337,50A0,CF6C
00000002,1337,4F50,8482
00000002,1337,4FBF,852D
00000002,1337,50F5,8817
00000002,1337,50B4,FB9C
00000002,1337,5107,838B
00000002,1337,50EB,86A2
00000002,1337,51DC,B5D2
00000002,1337,51B4,84DF
00000002,1337,5177,8FA6
00000002,1337,522C,85F8
00000002,1337,50BE,85C9
00000002,1337,50E2,84AB
00000002,1337,4B0B,809A
00000002,1337,4D6A,B54A
00000002,1337,51A4,903C
00000002,1337,4C99,87FE
00000002,1337,5143,85D6
00000002,1337,50CF,859C
00000002,1337,50A5,82A3
00000002,1337,5117,98B8
00000002,1337,508E,81F5
00000002,1337,4FE0,853A
00000002,1337,50DD,8596
00000002,1337,509A,8877
00000002,1337,51AF,865E
00000002,1337,5170,D0AB
00000002,1337,511A,E5A5
00000002,1337,51E5,8359
00000002,1337,506F,87CA
00000002,1337,4BDC,8424
00000002,1337,50CE,853D
00000002,1337,50A9,8401
00000002,1337,5177,83F8
00000002,1337,4D34,8BC5
00000002,1337,5111,82DE
00000002,1337,504A,B7A0
00000002,1337,51B8,8712
00000002,1337,50A5,83EA
00000002,1337,5045,8513
00000002,1337,504C,86A3
00000002,1337,516D,8887
00000002,1337,50F6,8486
00000002,1337,50CF,B6C9
00000002,1337,51EB,8863
00000002,1337,513F,9408
00000002,1337,50E5,8315
00000002,1337,4FC1,D83C
00000002,1337,5149,8531
00000002,1337,50C1,87AC
00000002,1337,50D4,9050
00000002,1337,527A,85FD
00000002,1337,50F3,88BD
00000002,1337,517D,8538
00000002,1337,51A1,882B
00000002,1337,50B6,A3FC
00000002,1337,4C90,82E0
00000002,1337,4F74,837B
00000002,1337,50F7,D8A0
00000002,1337,5194,853A
00000002,1337,5098,8561
00000002,1337,5206,89C6
00000002,1337,5129,86AD
00000002,1337,5293,0A3B
00000002,1337,4F3F,868E
00000002,1337,501A,223D
00000002,1337,523A,F5CD
00000002,1337,5244,87AF
00000002,1337,505D,8446
00000002,1337,5048,84CD
00000002,1337,5159,86F7
00000002,1337,5180,8500
00000002,1337,5198,C211
00000002,1337,50C5,8367
00000002,1337,5181,D826
00000002,1337,515C,83E3
00000002,1337,50FC,858B
00000002,1337,51F4,86FE
00000002,1337,50B7,B5C8
00000002,1337,4D52,88A6
00000002,1337,517B,838A
00000002,1337,50C1,83E0
00000002,1337,5192,8504
00000002,1337,521C,8440
00000002,1337,4DD9,86DA
00000002,1337,5144,E14A
00000002,1337,51A2,ECED
00000002,1337,50DE,85BA
00000002,1337,51C2,85FA
00000002,1337,51FA,862E
00000002,1337,5118,954C
00000002,1337,5232,8729
00000002,1337,5130,F34D
00000002,1337,50FA,8362
00000002,1337,5112,F6F2
00000002,1337,50E2,9621
00000002,1337,51C3,84E3
00000002,1337,50DA,85B2
00000002,1337,5082,8BBA
00000002,1337,50B8,EB5F
00000002,1337,50F3,484F
00000002,1337,5187,8468
00000002,1337,514C,85B6
00000002,1337,5182,8945
00000002,1337,51A7,8341
00000002,1337,5198,AF29
00000002,1337,5101,861F
00000002,1337,51A5,9475
00000002,1337,50B3,882D
00000002,1337,516C,84C8
00000002,1337,5135,CAFE
00000002,1337,50D9,8613
00000002,1337,50F4,8406
00000002,1337,51DC,859B
00000002,1337,5071,F075
00000002,1337,5107,86CB
00000002,1337,5119,D3C4
00000002,1337,5036,8304
00000002,1337,5236,875B
00000002,1337,51C8,20BB
00000002,1337,511C,C432
00000002,1337,5114,8532
00000002,1337,5221,861A
00000002,1337,5158,8431
00000002,1337,508F,85F2
00000002,1337,51C1,8715
00000002,1337,50A3,9312
00000002,1337,509D,83E0
00000002,1337,5167,A20B
00000002,1337,51DD,8995
00000002,1337,51EC,8731
00000002,1337,50D5,9214
00000002,1337,510B,8337
00000002,1337,5236,89C3
00000002,1337,51CC,9A2C
00000002,1337,50EF,8466
00000002,1337,5122,893B
00000002,1337,5050,8636
00000002,1337,5211,A128
00000002,1337,513C,86AF
00000002,1337,4DC6,E104
00000002,1337,50EE,8246
00000002,1337,51E7,89A1
00000002,1337,50DC,885C
00000002,1337,4E02,81EB
00000002,1337,50DD,82FB
00000002,1337,5170,9192
00000002,1337,5106,EFF9
00000002,1337,4DCB,8355
00000002,1337,4E9F,81DC
00000002,1337,50F7,8293
00000002,1337,5071,8223
00000002,1337,4E02,843F
00000002,1337,5001,87DF
00000002,1337,5127,86F9
00000002,1337,5081,8542
00000002,1337,5167,85B8
00000002,1337,519D,BF63
00000002,1337,5248,97D0
00000002,1337,5138,881B
00000002,1337,51A3,836A
00000002,1337,50B1,86BE
00000002,1337,504A,914A
00000002,1337,5163,82F2
00000002,1337,4FBD,EA06
00000002,1337,4C38,80B4
00000002,1337,515D,97CC
00000002,1337,4DFB,8374
00000002,1337,5136,85E6
00000002,1337,516C,86C4
00000002,1337,5109,F08C
00000002,1337,518C,852F
00000002,1337,5132,85CF
00000002,1337,5193,D698
00000002,1337,514B,8353
00000002,1337,50BE,8519
00000002,1337,510D,BF66
00000002,1337,4F84,820A
00000002,1337,51A9,8532
00000002,1337,5076,92A8
00000002,1337,51A7,85F1
00000002,1337,4F35,9860
00000002,1337,51D0,9855
00000002,1337,546E,8B26
00000002,1337,4F79,A0EF
00000002,1337,51B8,8435
00000002,1337,512A,86CF
00000002,1337,51C5,A1E0
00000002,1337,518B,85E0
00000002,1337,51A4,89B0
00000002,1337,51E2,94BE
00000002,1337,508A,86C8
00000002,1337,5087,F4B9
00000002,1337,511B,8457
00000002,1337,507B,B5B0
00000002,1337,51EA,8797
00000002,1337,50F6,83A6
00000002,1337,5159,DE38
00000002,1337,5059,88E0
00000002,1337,4E98,80C0
00000002,1337,4BBA,A35F
00000002,1337,50CF,83DF
00000002,1337,51CF,ACC8
00000002,1337,5085,822E
00000002,1337,5138,F56B
00000002,1337,5099,85EC
00000002,1337,4CE2,B276
00000002,1337,50F2,0825
00000002,1337,4DC3,82A4
00000002,1337,5130,866E
00000002,1337,51C1,89C1
00000002,1337,513D,8E4F
00000002,1337,4D96,F3DC
00000002,1337,5162,86F4
00000002,1337,5174,8726
00000002,1337,5088,8870
00000002,1337,520A,973A
00000002,1337,506A,BC61
00000002,1337,5144,D079
00000002,1337,4EEB,9E7B
00000002,1337,512E,8663
00000002,1337,4DC4,878C
00000002,1337,51E9,8649
00000002,1337,5150,851D
00000002,1337,5041,9606
00000002,1337,5043,8BA8
00000002,1337,514D,E4A1
00000002,1337,50A5,85C2
00000002,1337,50AB,823B
00000002,1337,513F,8502
00000002,1337,5147,835D
00000002,1337,4F3C,838E
00000002,1337,50CC,87D4
00000002,1337,5124,8632
00000002,1337,4FAB,83C0
00000002,1337,512F,90DF
00000002,1337,513C,8690
00000002,1337,5162,83C9
00000002,1337,518F,92DA
00000002,1337,509C,A18B
00000002,1337,51F8,8A32
00000002,1337,524E,84F9
00000002,1337,51A5,8955
00000002,1337,5034,84F4
00000002,1337,50A3,82C7
00000002,1337,50A5,8564
00000002,1337,50D7,84B8
00000002,1337,5228,8735
00000002,1337,5141,862B
00000002,1337,5124,FEF5
00000002,1337,50C1,D345
00000002,1337,5185,871B
00000002,1337,5251,888F
00000002,1337,4F7F,DD3C
00000002,1337,5005,EF70
00000002,1337,5078,87FA
00000002,1337,4EF7,84EA
00000002,1337,5206,00F4
00000002,1337,5197,840B
00000002,1337,520B,B369
00000002,1337,5112,839F
00000002,1337,51CE,CFE3
00000002,1337,5086,8401
00000002,1337,521C,8777
00000002,1337,51A2,857A
00000002,1337,4E74,56B6
00000002,1337,50EF,8854
00000002,1337,5146,86B5
00000002,1337,5150,B1CE
00000002,1337,51A6,86F3
00000002,1337,510A,86D5
00000002,1337,506C,85FA
00000002,1337,5116,E16A
00000002,1337,5179,D658
00000002,1337,50EE,85B1
00000002,1337,51C2,8959
00000002,1337,51A1,861F
00000002,1337,502B,AD8F
00000002,1337,4F2F,91E3
00000002,1337,5167,8E74
00000002,1337,50ED,8709
00000002,1337,4F6F,AB80
00000002,1337,4F92,8286
00000002,1337,511F,885C
00000002,1337,518D,850C
00000002,1337,5142,977B
00000002,1337,50F9,179D
00000002,1337,5287,851D
00000002,1337,5138,A108
00000002,1337,51F9,884D
00000002,1337,5092,8571
00000002,1337,51DC,876E
00000002,1337,513C,83D5
00000002,1337,50DE,878E
00000002,1337,5258,9D7C
00000002,1337,5158,842C
00000002,1337,50A1,02EB
00000002,1337,4F46,8FEC
00000002,1337,50CA,847A
00000002,1337,5111,8420
00000002,1337,5214,876C
00000002,1337,511B,8863
00000002,1337,51E9,8865
00000002,1337,5025,E254
00000002,1337,50E8,890C
00000002,1337,50DD,F84C
00000002,1337,50CA,87AD
00000002,1337,50B9,983C
00000002,1337,51B7,841C
00000002,1337,5088,A290
00000002,1337,5118,8E16
00000002,1337,5216,B157
00000002,1337,4E7D,CB11
00000002,1337,516E,EEC0
00000002,1337,5115,83C8
00000002,1337,5116,EA9F
00000002,1337,50D9,9259
00000002,1337,51D7,ED1C
00000002,1337,50F8,C10C
00000002,1337,51FC,83EE
00000002,1337,4F27,EF5B
00000002,1337,5094,8408
00000002,1337,53A5,8896
00000002,1337,4FFF,8EF7
00000002,1337,506A,8764
00000002,1337,4F59,85DE
00000002,1337,51EC,8726
00000002,1337,5102,83F0
00000002,1337,5127,8570
00000002,1337,51BD,897D
00000002,1337,4FBD,8602
00000002,1337,511F,88E8
00000002,1337,5178,DFAC
00000002,1337,5131,9FC5
00000002,1337,5242,85A9
00000002,1337,50D0,2E0B
00000002,1337,51A3,D732
00000002,1337,51EC,EF47
00000002,1337,5134,8413
00000002,1337,5064,A06E
00000002,1337,51C0,F027
00000002,1337,50D9,82C3
00000002,1337,5141,923D
00000002,1337,50D2,85C3
00000002,1337,50EA,872C
00000002,1337,503C,D9E5
00000002,1337,50D0,FF16
00000002,1337,4FC3,B25E
00000002,1337,4FE6,865A
00000002,1337,516A,8725
00000002,1337,50F7,86DA
00000002,1337,50EA,841C
00000002,1337,5096,85BD
00000002,1337,5194,82CB
00000002,1337,511A,8331
00000002,1337,51A3,84D2
00000002,1337,5249,89C0
00000002,1337,4D21,F30E
00000002,1337,52C1,8501
00000002,1337,50BA,BED5
00000002,1337,5150,83C3
00000002,1337,4E80,DDBF
00000002,1337,50E8,8342
00000002,1337,5182,854B
00000002,1337,50CC,86DA
00000002,1337,5093,C51E
00000002,1337,5203,079B
00000002,1337,4EC1,84C3
00000002,1337,51B6,627A
00000002,1337,5105,8325
00000002,1337,50E3,83EB
00000002,1337,5135,85A6
00000002,1337,51C2,8722
00000002,1337,5100,83C1
00000002,1337,51BC,87B6
00000002,1337,4FAC,8D0C
00000002,1337,520A,8A9E
00000002,1337,5137,86DD
00000002,1337,510C,88B6
00000002,1337,521A,8861
00000002,1337,51DB,87B3
00000002,1337,50A6,FD9D
00000002,1337,5088,8768
00000002,1337,510E,8310
00000002,1337,513A,CFDE
00000002,1337,4E5C,8AAF
00000002,1337,502F,8623
00000002,1337,508B,8635
00000002,1337,51FE,CB63
00000002,1337,4D4A,9344
00000002,1337,4E91,8230
00000002,1337,511A,8947
00000002,1337,5183,C6A4
00000002,1337,5066,EE70
00000002,1337,4FDC,8379
00000002,1337,50B5,85F4
00000002,1337,5252,85E1
00000002,1337,5276,8C1B
00000002,1337,5175,856A
00000002,1337,5182,89FB
00000002,1337,5056,82A7
00000002,1337,51B0,25B2
00000002,1337,5111,85ED
00000002,1337,5213,884C
00000002,1337,5188,8551
00000002,1337,50EF,90CB
00000002,1337,517C,D629
00000002,1337,50EB,9C31
00000002,1337,5189,83E1
00000002,1337,5138,88FB
00000002,1337,51ED,A386
00000002,1337,510C,88CA
00000002,1337,51A5,83B7
00000002,1337,51AA,88B4
00000002,1337,514E,83E8
00000002,1337,50E2,82EC
00000002,1337,50F3,834D
00000002,1337,5231,868F
00000002,1337,51A6,88C6
00000002,1337,5138,8828
00000002,1337,513A,8469
00000002,1337,50BB,8558
00000002,1337,5215,8544
00000002,1337,5152,8619
00000002,1337,509C,C23B
00000002,1337,5154,9659
00000002,1337,51F5,BF1E
00000002,1337,5146,FB2A
00000002,1337,51F9,FBD5
00000002,1337,51CD,8482
00000002,1337,5133,854D
00000002,1337,50B5,82E0
00000002,1337,4D04,8074
00000002,1337,51C7,8451
00000002,1337,5180,8442
00000002,1337,5106,85DD
00000002,1337,4D4F,C8EE
00000002,1337,51F3,8540
00000002,1337,516F,854B
00000002,1337,5222,B013
00000002,1337,510F,83AC
00000002,1337,5105,84A1
00000002,1337,4CC6,8527
00000002,1337,5177,832F
00000002,1337,50A3,8635
00000002,1337,50FE,ED24
00000002,1337,514B,8EC2
00000002,1337,5182,CB0F
00000002,1337,5121,8899
00000002,1337,503D,88C7
00000002,1337,5024,C632
00000002,1337,50D0,88EF
00000002,1337,51BA,88B6
00000002,1337,51A1,FB53
00000002,1337,516C,837B
00000002,1337,51F1,AED3
00000002,1337,514A,841C
00000002,1337,51AF,8767
00000002,1337,5120,86E0
00000002,1337,516C,DA91
00000002,1337,51FA,899D
00000002,1337,5128,DD66
00000002,1337,5241,E36F
00000002,1337,511F,DABE
00000002,1337,5143,8854
00000002,1337,517D,8B1D
00000002,1337,5168,8606
00000002,1337,5200,85C2
00000002,1337,5168,86D0
00000002,1337,516A,837E
00000002,1337,4FCF,9B91
00000002,1337,5179,8314
00000002,1337,50CE,87D1
00000002,1337,50FB,0F46
00000002,1337,5209,87FA
00000002,1337,5117,88D1
00000002,1337,5254,EF42
00000002,1337,4CF2,884A
00000002,1337,4F2F,C91B
00000002,1337,51BF,F64C
00000002,1337,513C,83FF
00000002,1337,50B9,9A98
00000002,1337,517A,86AC
00000002,1337,50EB,E31F
00000002,1337,521E,D81B
00000002,1337,4C93,FBE1
00000002,1337,4C9D,9FD0
00000002,1337,513B,8449
00000002,1337,51A0,E5B3
00000002,1337,4DD6,863F
00000002,1337,51BB,862F
00000002,1337,4D90,8431
00000002,1337,51EB,89B6
00000002,1337,50E2,83A0
00000002,1337,5179,BBA7
00000002,1337,4C48,8037
00000002,1337,50F0,8318
00000002,1337,4ED4,8875
00000002,1337,5088,F8CC
00000002,1337,519F,8911
00000002,1337,4E9A,BD8A
00000002,1337,5144,85B0
00000002,1337,5038,0573
00000002,1337,50FC,BCB8
00000002,1337,51D2,DE89
00000002,1337,50D5,A992
00000002,1337,50A3,0DF4
00000002,1337,5233,8A67
00000002,1337,5056,82EF
00000002,1337,524B,851E
00000002,1337,4B83,81E5
00000002,1337,519D,85D3
00000002,1337,50D6,831F
00000002,1337,51ED,AC6E
00000002,1337,51E2,8362
00000002,1337,5112,A4F8
00000002,1337,510C,FE53
00000002,1337,50E0,8502
00000002,1337,51D5,8918
00000002,1337,50C5,8502
00000002,1337,51CF,85B0
00000002,1337,5165,8360
00000002,1337,51C3,8661
00000002,1337,507C,8464
00000002,1337,5154,828E
00000002,1337,50EE,8513
00000002,1337,4A45,7EB1
00000002,1337,5053,A479
00000002,1337,50BD,8541
00000002,1337,5113,83C6
00000002,1337,51AA,C8D6
00000002,1337,4F67,85A2
00000002,1337,5172,8A70
00000002,1337,513D,99E1
00000002,1337,5170,89D7
00000002,1337,515B,8814
00000002,1337,5121,19C0
00000002,1337,51CC,AA59
00000002,1337,517D,83C8
00000002,1337,50FC,8437
00000002,1337,4D69,84A7
00000002,1337,51C4,8381
00000002,1337,4D08,8972
00000002,1337,4BFE,8332
00000002,1337,516B,84F2
00000002,1337,50AF,B5D9
00000002,1337,520D,882F
00000002,1337,50B2,853E
00000002,1337,5165,8950
00000002,1337,5156,9E60
00000002,1337,5207,B961
00000002,1337,4BDE,8290
00000002,1337,5171,850A
00000002,1337,50EA,FD4D
00000002,1337,512F,8725
00000002,1337,5146,844B
00000002,1337,51E9,8437
00000002,1337,51EF,8319
00000002,1337,5264,845D
00000002,1337,5186,852E
00000002,1337,50D0,AA0A
00000002,1337,50F9,C0AD
00000002,1337,5115,8509
00000002,1337,5195,8532
00000002,1337,5218,8574
00000002,1337,51B6,896D
00000002,1337,51A5,88F7
00000002,1337,519F,89D1
00000002,1337,51EC,8468
00000002,1337,5090,9EA8
00000002,1337,51CC,E166
00000002,1337,5163,BAB3
00000002,1337,51BD,E8BF
00000002,1337,5160,866E
00000002,1337,509C,84F8
00000002,1337,504C,84F8
00000002,1337,50E2,8871
00000002,1337,516E,889E
00000002,1337,5167,8880
00000002,1337,4FEB,9358
00000002,1337,5130,8486
00000002,1337,5157,853D
00000002,1337,51B0,82F7
00000002,1337,50E0,83BE
00000002,1337,510D,84F4
00000002,1337,51B5,848C
00000002,1337,50A8,DBEB
00000002,1337,5281,8A0B
00000002,1337,517E,DCC8
00000002,1337,51D5,8795
00000002,1337,4FCC,83DA
00000002,1337,51B2,A66D
00000002,1337,5129,A8A0
00000002,1337,50D3,EA2B
00000002,1337,4CEB,90CF
00000002,1337,4DBB,A7AE
00000002,1337,4D33,84D3
00000002,1337,50E7,8675
00000002,1337,5136,F348
00000002,1337,5026,83BB
00000002,1337,4FA8,83A2
00000002,1337,5035,81E3
00000002,1337,51D3,867F
00000002,1337,518D,845B
00000002,1337,5013,852D
00000002,1337,51F3,CC3B
00000002,1337,50BF,9BE7
00000002,1337,5046,8347
00000002,1337,51C7,8837
00000002,1337,5132,83D4
00000002,1337,516C,ED50
00000002,1337,515E,8928
00000002,1337,5142,A6F4
00000002,1337,5175,8653
00000002,1337,50DA,8777
00000002,1337,512A,846D
00000002,1337,5108,90C0
00000002,1337,50BF,83B8
00000002,1337,51A9,831A
00000002,1337,51C9,DE49
00000002,1337,5109,86EF
00000002,1337,4D2F,9969
00000002,1337,50F0,136D
00000002,1337,51DC,8A43
00000002,1337,5092,8CA8
00000002,1337,523D,8BAB
00000002,1337,518C,8644
00000002,1337,5095,85A1
00000002,1337,519D,83A8
00000002,1337,5063,B1B9
00000002,1337,51F0,8361
00000002,1337,50C6,837F
00000002,1337,51CB,8983
00000002,1337,51A5,CFF2
00000002,1337,510D,E2B8
00000002,1337,511C,B356
00000002,1337,517D,8341
00000002,1337,5077,82F5
00000002,1337,5235,8470
00000002,1337,5195,8613
00000002,1337,5074,8615
00000002,1337,50BB,F4AE
00000002,1337,50D0,83BC
00000002,1337,51CD,B605
00000002,1337,513C,8492
00000002,1337,4F6C,DCA3
00000002,1337,524B,846C
00000002,1337,4F4F,A02B
00000002,1337,51BC,8444
00000002,1337,50E2,E4A7
00000002,1337,51E4,0309
00000002,1337,4F73,F3CB
00000002,1337,501F,D0D3
00000002,1337,50D9,883C
00000002,1337,516B,897A
00000002,1337,50C7,8656
00000002,1337,50CA,8612
00000002,1337,5041,8321
00000002,1337,4F57,843C
00000002,1337,509C,84AD
00000002,1337,522A,880B
00000002,1337,4FA1,8363
00000002,1337,51E1,E8C5
00000002,1337,5164,B26E
00000002,1337,5136,8622
00000002,1337,50CB,8558
00000002,1337,4C9D,8528
00000002,1337,517C,851F
00000002,1337,4F4C,8696
00000002,1337,51BB,8925
00000002,1337,514E,8574
00000002,1337,51D4,8595
00000002,1337,5123,88AF
00000002,1337,5116,C7F7
00000002,1337,528B,DBBE
00000002,1337,50EA,86F6
00000002,1337,512B,A31A
00000002,1337,5169,8398
00000002,1337,511A,8927
00000002,1337,51CB,83C0
00000002,1337,5080,846A
00000002,1337,5082,9B40
00000002,1337,50F0,8409
00000002,1337,51AE,86D5
00000002,1337,5195,87B4
00000002,1337,50ED,8386
00000002,1337,4C9B,82A3
00000002,1337,5107,1964
00000002,1337,5090,8514
00000002,1337,4FA8,925E
00000002,1337,4BF9,80DD
00000002,1337,4B6B,0695
00000002,1337,51BD,ACAB
00000002,1337,51F1,8615
00000002,1337,5028,8B37
00000002,1337,50A9,8472
00000002,1337,516D,F243
00000002,1337,518E,86A9
00000002,1337,519E,83B2
00000002,1337,5150,838E
00000002,1337,5013,A84E
00000002,1337,4FB3,8259
00000002,1337,4E52,F013
00000002,1337,50F2,8477
00000002,1337,50F5,84DA
00000002,1337,5020,8521
00000002,1337,5139,8888
00000002,1337,5072,A49B
00000002,1337,5208,AE0F
00000002,1337,4F46,866C
00000002,1337,5136,88B7
00000002,1337,5250,8513
00000002,1337,51B8,85FD
00000002,1337,4FCE,82B2
00000002,1337,50E2,856B
00000002,1337,500E,820A
00000002,1337,5044,86F9
00000002,1337,5274,8872
00000002,1337,4BBC,8536
00000002,1337,5177,835B
00000002,1337,513F,DB93
00000002,1337,5207,8385
00000002,1337,50DD,87FC
00000002,1337,4DF6,CC13
00000002,1337,5177,8406
00000002,1337,520A,89F5
00000002,1337,51DC,BB7F
00000002,1337,50E3,8921
00000002,1337,4CBF,8154
00000002,1337,514A,A4D4
00000002,1337,5056,84D7
00000002,1337,50B5,A009
00000002,1337,5093,8647
00000002,1337,51F0,F26D
00000002,1337,5020,8514
00000002,1337,4C8B,844C
00000002,1337,5214,893C
00000002,1337,50C0,834C
00000002,1337,5101,92D2
00000002,1337,5154,B613
00000002,1337,5161,87B1
00000002,1337,5099,8705
00000002,1337,5094,86A4
00000002,1337,510F,841B
00000002,1337,51E1,88E0
00000002,1337,519F,854E
00000002,1337,510B,882E
00000002,1337,51F6,85BE
00000002,1337,4FB8,86EA
00000002,1337,514D,849B
00000002,1337,5188,9AF5
00000002,1337,516F,87C0
00000002,1337,50CE,894D
00000002,1337,52C3,875E
00000002,1337,506C,9317
00000002,1337,51F0,ED7E
00000002,1337,51BE,8733
00000002,1337,50A9,8528
00000002,1337,5179,839E
00000002,1337,51EE,86F5
00000002,1337,5139,845A
00000002,1337,51E5,877F
00000002,1337,51D5,E087
00000002,1337,5130,AAE4
00000002,1337,511B,8864
00000002,1337,5040,83E3
00000002,1337,51A7,853F
00000002,1337,5213,8A70
00000002,1337,510A,9AD2
00000002,1337,5125,83BC
00000002,1337,51EC,8726
00000002,1337,5102,84F7
00000002,1337,51B1,8415
00000002,1337,50E0,9285
00000002,1337,50E0,03B7
00000002,1337,512D,8384
00000002,1337,51D0,B3F5
00000002,1337,4DDC,BFB8
00000002,1337,4D93,84D5
00000002,1337,4F22,8338
00000002,1337,514A,86E8
00000002,1337,50FC,86BD
00000002,1337,521D,F9EB
00000002,1337,5157,90D6
00000002,1337,4FFB,85D6
00000002,1337,508C,8685
00000002,1337,51F8,87BB
00000002,1337,51D8,86C6
00000002,1337,5128,8368
00000002,1337,508F,860B
00000002,1337,48A6,D471
00000002,1337,51CE,E15C
00000002,1337,5008,81D5
00000002,1337,51DB,87B0
00000002,1337,516F,85CB
00000002,1337,5093,03CA
00000002,1337,5148,88F9
00000002,1337,51BC,8549
00000002,1337,51F6,942E
00000002,1337,4F2E,93BD
00000002,1337,51F9,E0C1
00000002,1337,5101,82F7
00000002,1337,51E3,8DBB
00000002,1337,51FC,8547
00000002,1337,5099,8363
00000002,1337,471A,7D11
00000002,1337,50EE,85C9
00000002,1337,4E1A,CD83
00000002,1337,51C8,AAA1
00000002,1337,5024,83FB
00000002,1337,4E21,8B3F
00000002,1337,51D2,CA30
00000002,1337,51B1,AA08
00000002,1337,5053,858D
00000002,1337,4DE4,83C9
00000002,1337,4E9A,830C
00000002,1337,5204,8936
00000002,1337,5171,8417
00000002,1337,4FD7,8198
00000002,1337,5188,4C03
00000002,1337,512A,9838
00000002,1337,50CB,851F
00000002,1337,515D,87C9
00000002,1337,5254,8548
00000002,1337,50B8,86E7
00000002,1337,51AD,838E
00000002,1337,4CFE,85FF
00000002,1337,502D,AFEA
00000002,1337,5241,8422
00000002,1337,50B3,A988
00000002,1337,4CDB,81D2
00000002,1337,521E,8979
00000002,1337,5236,871C
00000002,1337,5169,86E0
00000002,1337,510D,823F
00000002,1337,4FDE,876F
00000002,1337,50F1,828E
00000002,1337,513E,8AB6
00000002,1337,50C8,8721
00000002,1337,512B,8629
00000002,1337,518F,DAA4
00000002,1337,50B4,97CE
00000002,1337,50B0,8286
00000002,1337,510F,83CD
00000002,1337,5130,97B1
00000002,1337,5172,8480
00000002,1337,51E8,8607
00000002,1337,50DB,0FB4
00000002,1337,51CF,8742
00000002,1337,5204,84C5
00000002,1337,512A,8C41
00000002,1337,50BD,F81F
00000002,1337,51D7,E5DE
00000002,1337,5148,8899
00000002,1337,5193,850F
00000002,1337,5174,E6C7
00000002,1337,5128,8385
00000002,1337,51ED,8974
00000002,1337,4F05,851C
00000002,1337,4DEF,8FAD
00000002,1337,50D8,87EB
00000002,1337,50F0,85E2
00000002,1337,50B3,842D
00000002,1337,517D,86E8
00000002,1337,5122,C25B
00000002,1337,5033,C8E4
00000002,1337,5153,8E0D
00000002,1337,51AB,94B8
00000002,1337,5117,E9A4
00000002,1337,50C9,858A
00000002,1337,50FC,CD27
00000002,1337,5624,31E4
00000002,1337,5217,85C0
00000002,1337,50FD,84EE
00000002,1337,4FDD,BF6D
00000002,1337,50C7,845F
00000002,1337,50C4,85D6
00000002,1337,50AE,E4CF
00000002,1337,517A,BDC8
00000002,1337,510E,8542
00000002,1337,5148,8380
00000002,1337,4D73,825B
00000002,1337,4C9D,804E
00000002,1337,5124,838A
00000002,1337,50AA,B56F
00000002,1337,51A6,84D2
00000002,1337,4FA0,A7DD
00000002,1337,50F1,86AC
00000002,1337,50B6,881C
00000002,1337,4B18,8350
00000002,1337,510C,83D3
00000002,1337,513A,88C7
00000002,1337,5125,85AD
00000002,1337,50C8,DC3F
00000002,1337,4F46,84F1
00000002,1337,4EDD,85F7
00000002,1337,50E2,85D3
00000002,1337,50FD,CF2B
00000002,1337,5197,84D8
00000002,1337,51BF,884A
00000002,1337,50A0,FBB3
00000002,1337,51C5,B7FA
00000002,1337,5101,D7CF
00000002,1337,4EFE,8682
00000002,1337,4E01,D6F0
00000002,1337,519A,9E0E
00000002,1337,50DC,86C5
00000002,1337,509D,F4E1
00000002,1337,50BF,8630
00000002,1337,51A0,BF7A
00000002,1337,514F,8512
00000002,1337,4F73,E8DD
00000002,1337,512A,84F0
00000002,1337,5095,8888
00000002,1337,50A1,91B1
00000002,1337,516A,86D8
00000002,1337,4D76,9639
00000002,1337,50B6,EAB1
00000002,1337,502F,86F3
00000002,1337,50B9,92C4
00000002,1337,51CA,A242
00000002,1337,4F3C,84F8
00000002,1337,5094,E2C4
00000002,1337,50E5,8497
00000002,1337,4F0D,8502
00000002,1337,4FF4,81C0
00000002,1337,5088,B43D
00000002,1337,5108,F2A4
00000002,1337,502D,8846
00000002,1337,50FE,862F
00000002,1337,4D14,849B
00000002,1337,516C,915C
00000002,1337,5159,848A
00000002,1337,5200,84AC
00000002,1337,5133,875A
00000002,1337,5067,847D
00000002,1337,51AF,86F5
00000002,1337,506F,8352
00000002,1337,511A,E743
00000002,1337,4C9D,8022
00000002,1337,50B0,85A4
00000002,1337,514F,860C
00000002,1337,51F6,8EF5
00000002,1337,51AD,88DC
00000002,1337,51CC,BC37
00000002,1337,5245,89FB
00000002,1337,5097,84F6
00000002,1337,51AC,8361
00000002,1337,5143,AE25
00000002,1337,51B2,83CD
00000002,1337,50CD,C4E3
00000002,1337,5156,85BA
00000002,1337,4BDF,E6B0
00000002,1337,50F3,8508
00000002,1337,5169,A91E
00000002,1337,51D7,8774
00000002,1337,513E,8619
00000002,1337,4D3C,817A
00000002,1337,5148,8425
00000002,1337,516A,88EA
00000002,1337,51DD,989A
00000002,1337,5194,892C
00000002,1337,5176,889B
00000002,1337,520C,89AE
00000002,1337,4DA3,3B3A
00000002,1337,50D1,8727
00000002,1337,50E9,8824
00000002,1337,512B,8719
00000002,1337,517E,D8F8
00000002,1337,51BD,FD3C
00000002,1337,4E02,847D
00000002,1337,5201,92B5
00000002,1337,50FB,8406
00000002,1337,5076,A6F7
00000002,1337,5177,83E9
00000002,1337,51A1,83E3
00000002,1337,50FF,89F4
00000002,1337,51AB,EC8C
00000002,1337,5128,88EB
00000002,1337,5122,EFBD
00000002,1337,515A,83BF
00000002,1337,5105,8D3D
00000002,1337,4BBC,DF8D
00000002,1337,50C6,834C
00000002,1337,5199,83A6
00000002,1337,50E3,F1E6
00000002,1337,4FE3,8330
00000002,1337,50F2,85DB
00000002,1337,5039,832D
00000002,1337,51D6,893F
00000002,1337,51EA,8513
00000002,1337,5117,88CD
00000002,1337,509C,8407
00000002,1337,5154,DFE5
00000002,1337,5151,860B
00000002,1337,51AD,8606
00000002,1337,51CE,87E2
00000002,1337,5066,825E
00000002,1337,5248,845B
00000002,1337,51C5,86D3
00000002,1337,502B,02B7
00000002,1337,50B9,8241
00000002,1337,501C,841C
00000002,1337,5227,8E63
00000002,1337,5075,8732
00000002,1337,519A,949A
00000002,1337,5190,F0D9
00000002,1337,5017,8300
00000002,1337,5142,8751
00000002,1337,51CC,8F99
00000002,1337,4CD2,84E9
00000002,1337,47E6,7D46
00000002,1337,5196,845D
00000002,1337,50C4,B902
00000002,1337,4AE5,8247
00000002,1337,50DD,8419
00000002,1337,51C0,89A6
00000002,1337,51D2,1738
00000002,1337,5138,851F
00000002,1337,5106,A2D8
00000002,1337,51E7,86DF
00000002,1337,50C4,8497
00000002,1337,50EF,8612
00000002,1337,5045,84C8
00000002,1337,4D5F,8564
00000002,1337,5214,29D2
00000002,1337,5132,847C
00000002,1337,52BE,86A7
00000002,1337,51AE,8660
00000002,1337,50B7,839A
00000002,1337,50FF,05FC
00000002,1337,51D2,8419
00000002,1337,4FC9,8568
00000002,1337,4D05,C317
00000002,1337,51C8,B325
00000002,1337,51C3,D150
00000002,1337,515A,8427
00000002,1337,4B32,F530
00000002,1337,4ECF,F1FC
00000002,1337,5139,852A
00000002,1337,516A,B621
00000002,1337,4CCA,8361
00000002,1337,51B0,83D8
00000002,1337,5113,83AA
00000002,1337,50E7,855C
00000002,1337,4FB4,8388
00000002,1337,50A6,849F
00000002,1337,5143,8617
00000002,1337,524E,D57B
00000002,1337,5100,C6D6
00000002,1337,51FC,85DE
00000002,1337,5117,83B1
00000002,1337,528F,8AD3
00000002,1337,5139,878D
00000002,1337,5201,8611
00000002,1337,5168,C22E
00000002,1337,4CB0,8122
00000002,1337,5049,8736
00000002,1337,51D7,8480
00000002,1337,50D7,8686
00000002,1337,4FAF,8363
00000002,1337,51A4,99E4
00000002,1337,503F,82CA
00000002,1337,51D0,865D
00000002,1337,5292,E0A9
00000002,1337,4D4B,85E3
00000002,1337,511C,E632
00000002,1337,5157,88A7
00000002,1337,5000,D8B2
00000002,1337,51CD,8735
00000002,1337,51E2,89B4
00000002,1337,4FE0,8744
00000002,1337,5242,8A29
00000002,1337,5200,8954
00000002,1337,5094,95F2
00000002,1337,51EB,89D9
00000002,1337,514C,8448
00000002,1337,501A,92C7
00000002,1337,51FD,C4AB
00000002,1337,507C,82D2
00000002,1337,516F,84D7
00000002,1337,51A2,8709
00000002,1337,510C,8971
00000002,1337,509C,87F7
00000002,1337,5129,82AA
00000002,1337,51F6,8622
00000002,1337,508A,8AEF
00000002,1337,51F9,8816
00000002,1337,51F4,ECCD
00000002,1337,5239,8609
00000002,1337,5111,8E8A
00000002,1337,510E,876C
00000002,1337,5106,899E
00000002,1337,51D8,8A06
00000002,1337,4FD5,88CE
00000002,1337,514B,855B
00000002,1337,5184,87D6
00000002,1337,5106,8837
00000002,1337,5085,B235
00000002,1337,5107,82F8
00000002,1337,5139,86F8
00000002,1337,4AD6,8458
00000002,1337,5220,8A20
00000002,1337,51E7,839C
00000002,1337,521C,94C9
00000002,1337,5125,EEA1
00000002,1337,518E,859D
00000002,1337,4C4B,8155
00000002,1337,520C,871F
00000002,1337,5260,8973
00000002,1337,4C44,83B0
00000002,1337,5104,87D4
00000002,1337,5148,859D
00000002,1337,51D4,8A2E
00000002,1337,5131,1901
00000002,1337,510B,8384
00000002,1337,4DF7,85A7
00000002,1337,50E9,8440
00000002,1337,51C8,8D64
00000002,1337,521E,9393
00000002,1337,51C1,84B6
00000002,1337,51D7,8672
00000002,1337,5125,CF2D
00000002,1337,51B0,ADFF
00000002,1337,5098,83BD
00000002,1337,50C7,82EE
00000002,1337,514F,8480
00000002,1337,50FB,8D41
00000002,1337,50E5,8F06
00000002,1337,50C6,8557
00000002,1337,4BCC,8344
00000002,1337,4D1D,8504
00000002,1337,5136,0457
00000002,1337,51D2,8817
00000002,1337,50B8,887F
00000002,1337,4FFD,8574
00000002,1337,5184,8438
00000002,1337,5202,D052
00000002,1337,51D8,8572
00000002,1337,50BD,8569
00000002,1337,513B,D08C
00000002,1337,51FE,8608
00000002,1337,4F28,8289
00000002,1337,51EF,A007
00000002,1337,52CE,85E5
00000002,1337,50F1,83CD
00000002,1337,5042,8331
00000002,1337,50D7,85E7
00000002,1337,5007,839C
00000002,1337,513D,98E0
00000002,1337,5247,CFC4
00000002,1337,5162,83E4
00000002,1337,5132,A781
00000002,1337,50F2,8622
00000002,1337,5161,87AC
00000002,1337,5284,8730
00000002,1337,50F5,82BE
00000002,1337,4EA9,825A
00000002,1337,5232,8574
00000002,1337,509F,8457
00000002,1337,508A,82D3
00000002,1337,50FE,856A
00000002,1337,5245,884C
00000002,1337,51A6,8682
00000002,1337,516C,852B
00000002,1337,51F4,854B
00000002,1337,4EB2,F398
00000002,1337,50FE,AAA9
00000002,1337,512F,890D
00000002,1337,5209,B92C
00000002,1337,5069,84C4
00000002,1337,515A,863F
00000002,1337,5146,98AB
00000002,1337,4D27,8124
00000002,1337,5150,035F
00000002,1337,5120,8494
00000002,1337,4E84,A69D
00000002,1337,50C3,B7D3
00000002,1337,4FD2,85E7
00000002,1337,5005,CE75
00000002,1337,50E6,88F7
00000002,1337,5248,89B5
00000002,1337,5240,87F7
00000002,1337,51FB,8791
00000002,1337,50DD,839A
00000002,1337,527D,8534
00000002,1337,51DD,8946
00000002,1337,50B4,E3DB
00000002,1337,5106,87F4
00000002,1337,515D,A454
00000002,1337,50D3,858D
00000002,1337,50B8,85E8
00000002,1337,5246,8746
00000002,1337,4C4D,8400
00000002,1337,50CB,88AA
00000002,1337,5114,A108
00000002,1337,5155,840C
00000002,1337,5107,85F3
00000002,1337,4DD2,80E3
00000002,1337,5060,E995
00000002,1337,51A0,87A3
00000002,1337,51FB,843E
00000002,1337,50A0,A32F
00000002,1337,5142,86F0
00000002,1337,528D,BB4D
00000002,1337,513B,8791
00000002,1337,5184,88A1
00000002,1337,50F5,846F
00000002,1337,5213,B849
00000002,1337,524D,9809
00000002,1337,4E5F,C029
00000002,1337,51E6,8E34
00000002,1337,50F8,9DD8
00000002,1337,5186,865E
00000002,1337,5232,85A0
00000002,1337,50E3,87A2
00000002,1337,5152,89A8
00000002,1337,4FDD,83AB
00000002,1337,5106,0F38
00000002,1337,5086,983D
00000002,1337,5155,FCB0
00000002,1337,4AA3,7DC0
00000002,1337,515E,8538
00000002,1337,514F,9125
00000002,1337,5194,8911
00000002,1337,516E,A796
00000002,1337,5090,9A09
00000002,1337,5165,87D5
00000002,1337,5113,8319
00000002,1337,5239,8674
00000002,1337,50FB,BB6F
00000002,1337,5246,EBA4
00000002,1337,51D4,84F7
00000002,1337,51B0,894A
00000002,1337,4BC8,A49B
00000002,1337,51C0,857D
00000002,1337,51FF,AB9F
00000002,1337,51AF,5911
00000002,1337,50D6,9750
00000002,1337,4DB2,82D0
00000002,1337,5048,8794
00000002,1337,5075,87AC
00000002,1337,4D89,E695
00000002,1337,51E3,953E
00000002,1337,50FE,8825
00000002,1337,512C,8391
00000002,1337,4CDF,83E9
00000002,1337,4F2F,86DA
00000002,1337,511F,8306
00000002,1337,50E6,967D
00000002,1337,5096,A9EE
00000002,1337,5120,8817
00000002,1337,51DE,FF1E
00000002,1337,5227,E0D5
00000002,1337,523C,87C9
00000002,1337,5182,88D3
00000002,1337,5112,A25E
00000002,1337,512E,887D
00000002,1337,4E65,8437
00000002,1337,4D13,9347
00000002,1337,5099,87EA
00000002,1337,50F2,EAD0
00000002,1337,521C,E211
00000002,1337,52B2,8606
00000002,1337,5070,875E
00000002,1337,4FF9,849C
00000002,1337,512E,86D6
00000002,1337,4CB2,E74E
00000002,1337,4F3C,8325
00000002,1337,52E8,8912
00000002,1337,50CC,CDAD
00000002,1337,4CCD,82CA
00000002,1337,50DD,8323
00000002,1337,4F71,81F3
00000002,1337,5235,8648
00000002,1337,5058,8441
00000002,1337,51D0,8630
00000002,1337,520A,85E7
00000002,1337,525F,8817
00000002,1337,51D3,847E
00000002,1337,51B8,87A5
00000002,1337,5142,843F
00000002,1337,50CB,83B7
00000002,1337,51B5,87F4
00000002,1337,5149,A0C1
00000002,1337,503C,8341
00000002,1337,51C5,D61A
00000002,1337,510E,8702
00000002,1337,52B3,8642
00000002,1337,51FC,83F4
00000002,1337,48A2,C1E4
00000002,1337,50BD,F7D1
00000002,1337,51A9,8959
00000002,1337,50A9,95A9
00000002,1337,51DD,A5F2
00000002,1337,517A,86A7
00000002,1337,484D,DC0C
00000002,1337,4ECB,82E5
00000002,1337,51DD,8771
00000002,1337,5171,865C
00000002,1337,51E9,859C
00000002,1337,517A,87A9
00000002,1337,5195,884E
00000002,1337,4FE1,F74C
00000002,1337,516D,AC18
00000002,1337,4DCD,867D
00000002,1337,5136,859E
00000002,1337,5217,DFED
00000002,1337,4FCA,888C
00000002,1337,526A,872F
00000002,1337,514D,9422
00000002,1337,51EA,904E
00000002,1337,51F1,E0AA
00000002,1337,50AC,83EF
00000002,1337,51EC,8993
00000002,1337,51B7,84A7
00000002,1337,51E1,870A
00000002,1337,5052,8656
00000002,1337,513E,83DE
00000002,1337,5118,874C
00000002,1337,5172,87A7
00000002,1337,50F7,D2CF
00000002,1337,512F,85C5
00000002,1337,5145,8971
00000002,1337,5144,924D
00000002,1337,513E,85C5
00000002,1337,5162,8B88
00000002,1337,50DA,9DFE
00000002,1337,4D2A,8541
00000002,1337,4EA0,80E7
00000002,1337,517A,841A
00000002,1337,5181,87EF
00000002,1337,51F2,A5AB
00000002,1337,4E62,83E9
00000002,1337,506E,8387
00000002,1337,51C4,8947
00000002,1337,50DF,83DB
00000002,1337,5268,8868
00000002,1337,51E8,85DA
00000002,1337,4F9A,86A8
00000002,1337,51D3,A665
00000002,1337,51D4,8504
00000002,1337,508A,8489
00000002,1337,512D,8444
00000002,1337,51EB,9054
00000002,1337,5269,89AB
00000002,1337,50AD,F01F
00000002,1337,518B,D4F0
00000002,1337,5118,85CA
00000002,1337,513B,8417
00000002,1337,5042,B802
00000002,1337,4D3C,8104
00000002,1337,5204,8968
00000002,1337,507E,878F
00000002,1337,50FA,8347
00000002,1337,526E,89E2
00000002,1337,50AA,87A5
00000002,1337,4F59,BDE7
00000002,1337,50D9,8441
00000002,1337,4CB7,805E
00000002,1337,4BDD,AAB4
00000002,1337,50E2,8523
00000002,1337,5296,8573
00000002,1337,51CB,83AF
00000002,1337,5176,8817
00000002,1337,51DF,9097
00000002,1337,50E2,90F6
00000002,1337,5182,84D5
00000002,1337,4F4C,8161
00000002,1337,4A8A,BDEB
00000002,1337,4CD0,83B6
00000002,1337,5147,0FCC
00000002,1337,50D8,8630
00000002,1337,519B,848D
00000002,1337,50A3,8335
00000002,1337,4FBC,830D
00000002,1337,5245,8971
00000002,1337,51B5,866F
00000002,1337,4EDA,821B
00000002,1337,50D1,84FA
00000002,1337,5106,8728
00000002,1337,4C98,DCB5
00000002,1337,5275,86EC
00000002,1337,524B,89DD
00000002,1337,5056,85CE
00000002,1337,4DE2,EBA6
00000002,1337,5126,CFED
00000002,1337,51F6,A59A
00000002,1337,524B,854F
00000002,1337,50F2,833E
00000002,1337,51F3,83DA
00000002,1337,5223,00FA
00000002,1337,514D,8646
00000002,1337,5108,86C7
00000002,1337,51DD,871C
00000002,1337,500A,A816
00000002,1337,4C9E,830F
00000002,1337,4FEA,864C
00000002,2BC8,5114,C51E
00000002,2087,51E7,AAF1
00000002,EDF1,5057,849E
00000002,C118,51B5,87B6
00000002,2DC5,5063,84B6
00000002,507D,50B5,82E1
00000002,538D,51B4,0082
00000002,5728,519B,0AC5
00000002,80E4,500D,8555
00000002,4977,5057,E605
00000002,FE3A,4D13,80F2
00000002,9048,51B2,0FAD
00000002,8D44,515E,9784
00000002,E3D7,51AF,88A0
00000002,5833,52E1,8819
00000002,61A2,517C,E3D9
00000002,4E69,5188,841D
00000002,11C6,510F,D155
00000002,9C5F,516A,8948
00000002,567C,50F7,842B
00000002,6779,50DA,86A4
00000002,4E14,5194,8A07
00000002,D365,516F,F9BE
00000002,9B5F,4AD1,E4B4
00000002,C9E0,50DE,8465
00000002,169C,50BA,8447
00000002,D04F,50D8,C8FB
00000002,DDE4,5159,A57B
00000002,DBE3,51C0,DE63
00000002,938A,512F,86C4
00000002,6764,518B,876E
00000002,CB78,513C,8721
00000002,EFA0,5130,880D
00000002,10CA,50C7,C9FA
00000002,E6B4,50EC,F837
00000002,3DB2,5181,84BD
00000002,8AA5,52A6,875B
00000002,357F,4DC0,9F04
00000002,0946,51AD,86BC
00000002,CD40,5157,845B
00000002,CE57,50B7,84B1
00000002,C1C5,48FF,7F40
00000002,24A1,4B59,823C
00000002,A661,50B8,B07D
00000002,97C6,515B,8383
00000002,5EC0,51E7,88AD
00000002,E797,5144,8502
00000002,11B4,5180,8795
00000002,CB54,50DD,881D
00000002,C3D9,50FD,A677
00000002,C9A4,5204,84D3
00000002,D3B1,519D,851C
00000002,8C6A,51F3,8817
00000002,A79B,5217,CC51
00000002,5C0D,4D32,F09F
00000002,4BE4,51D2,8876
00000002,376C,51C1,862A
00000002,FED5,515C,857B
00000002,F7BF,5175,88DB
00000002,1F4F,51A2,896C
00000002,5BB7,525C,8559
00000002,E8EB,51ED,84E3
00000002,B784,5220,BA80
00000002,0A7B,50A1,97D6
00000002,EC4E,517C,8542
00000002,DBAB,51BD,8545
00000002,F1E5,519C,86AA
00000002,DE25,4FF0,8342
00000002,C515,512C,88AB
00000002,B9FA,50CE,A55B
00000002,E120,4F4C,8611
00000002,000D,522B,90B9
00000002,11A3,5235,B40F
00000002,B63D,5113,8630
00000002,6F81,5153,8325
00000002,D4DB,4FAC,8641
00000002,4D4C,5205,8543
00000002,D0C5,50EA,E4F1
00000002,65EE,51C3,8A07
00000002,DA5C,51B9,8429
00000002,D41E,510E,84FD
00000002,1CDF,50C0,843B
00000002,8DF9,514C,FE0F
00000002,0DCC,519E,842A
00000002,D673,5132,873B
00000002,7E8B,4C6A,068F
00000002,CC9A,5147,8404
00000002,FAF0,506C,829F
00000002,9CEE,5065,ED2B
00000002,19F0,532E,8B20
00000002,DF4D,5233,8785
00000002,DB74,5083,DAC1
00000002,13C8,50E4,822B
00000002,561A,51BB,836C
00000002,E7D2,5210,88F9
00000002,AF31,50DF,8B8C
00000002,05D2,5220,8D3C
00000002,9D55,51A7,5D01
00000002,0104,51A3,87BF
00000002,1ED7,51BF,87ED
00000002,FFD8,516B,88E1
00000002,C826,50CD,842E
00000002,2DFB,50A3,82DB
00000002,4F35,5062,C1F5
00000002,3D5A,5124,E7B8
00000002,860F,51E5,873D
00000002,4F52,50E5,8913
00000002,899D,51A0,F5A0
00000002,8954,524D,8601
00000002,4CFF,5255,8503
00000002,902A,51CF,86DE
00000002,DABA,50E7,8398
00000002,470E,510B,82ED
00000002,A504,521C,CFA3
00000002,BC61,509A,9F6D
00000002,AFEA,4F49,8536
00000002,AF49,51B0,85C0
00000002,A3D2,51F8,B2A7
00000002,DB5B,512B,E762
00000002,6F33,51E6,C57B
00000002,EA19,519E,870C
00000002,7167,5192,8619
00000002,E743,520F,83FD
00000002,2F2A,5166,878C
00000002,10CD,5127,8933
00000002,78A9,514B,84CB
00000002,5D04,5134,8443
00000002,EF3E,5252,84FF
00000002,6681,4F93,8523
00000002,4C1B,5134,E56B
00000002,0197,4E12,8113
00000002,4C6A,51AF,9FD7
00000002,E9A4,4D3A,84A2
00000002,2E57,50C1,F54E
00000002,3703,5238,8A75
00000002,87F0,51D4,DC79
00000002,1398,513F,873A
00000002,5452,50AC,84CD
00000002,FEA2,50D9,8743
00000002,32BC,51ED,848E
00000002,BA80,511B,89B2
00000002,F04E,5203,A6DC
00000002,C476,5144,97E5
00000002,AA3F,5056,8523
00000002,C994,522E,E1FB
00000002,E96A,4FEE,1A5D